transcript_id;Raiz_Seca_logFC;logCPM;PValue;FDR
TRINITY_DN1000_c1_g1_i27;-1.66E+00;3.5797;1.50E-08;2.53E-07
TRINITY_DN10041_c0_g1_i4;8.83E-01;3.7262;2.22E-04;1.44E-03
TRINITY_DN1005_c0_g2_i3;1.02E+00;5.4025;7.43E-04;4.11E-03
TRINITY_DN1009_c0_g1_i20;1.75E+00;4.6516;2.31E-10;5.97E-09
TRINITY_DN10110_c2_g1_i1;-1.87E+00;2.3524;4.89E-04;2.78E-03
TRINITY_DN10113_c0_g1_i23;-2.89E+00;3.0051;7.50E-09;1.36E-07
TRINITY_DN10127_c0_g1_i1;-2.71E+00;2.408;3.06E-05;2.37E-04
TRINITY_DN10127_c0_g1_i11;7.05E-01;3.3805;4.89E-04;2.78E-03
TRINITY_DN1013_c0_g1_i2;3.32E+00;2.2476;6.11E-05;4.42E-04
TRINITY_DN10144_c0_g1_i16;-1.12E+00;4.0601;7.50E-09;1.36E-07
TRINITY_DN10153_c0_g1_i10;1.25E+00;4.9292;5.69E-17;7.65E-15
TRINITY_DN10178_c0_g1_i6;-3.64E+00;4.048;1.12E-19;2.90E-17
TRINITY_DN10178_c0_g1_i8;-4.76E+00;4.8168;4.64E-13;2.26E-11
TRINITY_DN10184_c0_g1_i4;8.03E-01;4.2789;3.00E-08;4.73E-07
TRINITY_DN10201_c0_g1_i3;1.52E+00;3.0213;1.53E-05;1.28E-04
TRINITY_DN10211_c0_g1_i5;-3.06E+00;4.3184;1.76E-21;6.90E-19
TRINITY_DN1022_c1_g1_i4;8.56E-01;4.8528;9.22E-13;4.17E-11
TRINITY_DN10236_c0_g1_i4;6.48E-01;4.4261;5.99E-08;8.84E-07
TRINITY_DN1024_c0_g1_i2;-7.03E-01;4.3442;1.50E-08;2.53E-07
TRINITY_DN10276_c0_g1_i1;-5.83E-01;4.2593;4.79E-07;5.73E-06
TRINITY_DN10286_c0_g1_i21;1.26E+00;2.6656;1.95E-03;9.27E-03
TRINITY_DN10320_c0_g1_i9;3.43E-01;4.3526;4.43E-03;1.89E-02
TRINITY_DN10393_c0_g1_i15;-3.44E+00;4.2841;1.11E-22;6.19E-20
TRINITY_DN10393_c0_g1_i16;-1.41E+00;5.2156;8.51E-08;1.25E-06
TRINITY_DN10393_c0_g1_i17;-2.18E+00;4.5133;1.40E-20;4.56E-18
TRINITY_DN10393_c0_g1_i7;-1.77E+00;4.8549;3.52E-21;1.30E-18
TRINITY_DN10395_c0_g1_i2;1.60E+00;2.588;4.89E-04;2.78E-03
TRINITY_DN10397_c0_g1_i11;-9.40E+00;2.4266;5.99E-08;8.84E-07
TRINITY_DN10408_c1_g1_i4;-1.94E+00;6.0904;1.44E-04;9.55E-04
TRINITY_DN10418_c0_g1_i3;-1.74E+00;2.8925;7.65E-06;6.88E-05
TRINITY_DN1042_c0_g1_i12;3.46E-01;4.8811;2.32E-03;1.09E-02
TRINITY_DN1042_c0_g1_i17;-2.05E+00;5.0067;1.05E-15;1.01E-13
TRINITY_DN1042_c0_g1_i21;-3.21E-01;4.8127;7.01E-03;2.94E-02
TRINITY_DN1042_c0_g1_i6;1.04E+00;4.8967;7.24E-15;5.59E-13
TRINITY_DN1043_c0_g1_i9;-4.67E-01;4.6218;4.94E-05;3.77E-04
TRINITY_DN10432_c0_g1_i1;1.43E+00;3.517;2.39E-07;3.07E-06
TRINITY_DN10436_c0_g1_i7;1.87E+00;2.3892;4.89E-04;2.78E-03
TRINITY_DN10526_c0_g1_i17;-3.57E+00;3.5119;5.78E-14;3.50E-12
TRINITY_DN1055_c0_g1_i10;7.52E-01;3.6515;3.06E-05;2.37E-04
TRINITY_DN10573_c0_g1_i16;9.15E-01;4.7723;3.68E-12;1.44E-10
TRINITY_DN10614_c0_g1_i20;9.24E-01;5.0644;3.62E-15;2.98E-13
TRINITY_DN10614_c0_g1_i28;9.24E-01;5.0644;3.62E-15;2.98E-13
TRINITY_DN10625_c0_g1_i15;2.21E+00;6.8983;1.65E-04;1.09E-03
TRINITY_DN10629_c0_g1_i11;-3.98E-01;4.3804;4.35E-03;1.86E-02
TRINITY_DN10647_c0_g1_i9;3.00E+00;5.1765;2.11E-11;7.05E-10
TRINITY_DN10653_c0_g1_i5;-6.42E-01;3.8239;1.53E-05;1.28E-04
TRINITY_DN10654_c1_g1_i5;-1.83E+00;3.2045;2.39E-07;3.07E-06
TRINITY_DN10685_c0_g1_i19;1.11E+00;5.1345;1.33E-03;6.73E-03
TRINITY_DN1069_c0_g1_i4;-1.68E+00;4.919;8.42E-03;3.29E-02
TRINITY_DN1069_c0_g1_i6;-6.94E-01;4.3379;1.50E-08;2.53E-07
TRINITY_DN10704_c0_g1_i1;-1.65E+00;6.0773;2.23E-04;1.45E-03
TRINITY_DN10704_c0_g1_i6;-1.88E+00;5.0984;2.67E-06;2.76E-05
TRINITY_DN10706_c0_g2_i6;-1.64E+00;3.8682;4.69E-10;1.11E-08
TRINITY_DN1071_c0_g1_i22;-2.70E+00;2.4392;1.53E-05;1.28E-04
TRINITY_DN1073_c0_g2_i6;-6.14E-01;4.6799;1.88E-09;3.87E-08
TRINITY_DN10755_c0_g1_i10;1.74E+00;3.094;3.83E-06;3.70E-05
TRINITY_DN10755_c0_g1_i2;2.90E+00;5.7723;3.47E-08;5.46E-07
TRINITY_DN1077_c0_g1_i14;-3.50E+00;4.1119;3.52E-21;1.30E-18
TRINITY_DN1077_c0_g1_i22;-9.31E+00;4.9986;2.64E-11;8.80E-10
TRINITY_DN1077_c1_g1_i20;3.19E-01;4.1584;2.35E-03;1.10E-02
TRINITY_DN10784_c0_g1_i3;1.78E+00;5.2402;2.85E-05;2.33E-04
TRINITY_DN10789_c0_g1_i3;9.19E-01;4.0732;5.99E-08;8.84E-07
TRINITY_DN10792_c0_g1_i8;1.05E+00;4.1556;7.50E-09;1.36E-07
TRINITY_DN1081_c0_g1_i10;2.58E+00;4.9128;5.24E-11;1.61E-09
TRINITY_DN1081_c0_g1_i17;2.04E+00;5.6885;3.68E-06;3.70E-05
TRINITY_DN1082_c1_g1_i2;-1.91E+00;6.1985;6.45E-05;4.65E-04
TRINITY_DN1082_c1_g2_i5;-1.54E+00;2.9582;3.06E-05;2.37E-04
TRINITY_DN1082_c1_g2_i9;-1.55E+00;3.4605;2.39E-07;3.07E-06
TRINITY_DN10827_c0_g2_i2;1.22E+00;5.5421;2.30E-04;1.50E-03
TRINITY_DN10833_c0_g1_i1;-1.16E+00;3.4761;3.83E-06;3.70E-05
TRINITY_DN1084_c1_g1_i18;-3.66E+00;4.6022;1.20E-08;2.15E-07
TRINITY_DN10843_c0_g1_i2;-1.10E+00;4.9293;9.07E-16;8.76E-14
TRINITY_DN10843_c0_g5_i1;-9.51E-01;4.3147;1.88E-09;3.87E-08
TRINITY_DN10851_c0_g1_i11;-6.82E-01;3.5972;9.78E-04;5.06E-03
TRINITY_DN10875_c0_g1_i1;3.52E-01;4.6535;9.37E-03;3.63E-02
TRINITY_DN10879_c3_g1_i1;-1.30E+00;5.4104;6.84E-07;8.15E-06
TRINITY_DN1088_c1_g2_i2;3.36E-01;4.656;9.37E-03;3.63E-02
TRINITY_DN10887_c0_g1_i3;-9.45E-01;4.6793;3.68E-12;1.44E-10
TRINITY_DN10918_c0_g1_i9;7.65E-01;4.3957;1.50E-08;2.53E-07
TRINITY_DN10918_c0_g2_i2;-5.06E-01;3.9147;2.35E-03;1.10E-02
TRINITY_DN10964_c0_g1_i29;4.73E-01;4.2542;4.03E-04;2.42E-03
TRINITY_DN11000_c0_g1_i2;4.36E-01;3.3777;1.95E-03;9.27E-03
TRINITY_DN11002_c0_g1_i7;-1.75E+00;4.1796;5.78E-14;3.50E-12
TRINITY_DN11005_c0_g1_i3;-9.09E-01;4.5494;1.24E-07;1.71E-06
TRINITY_DN11024_c0_g2_i9;-7.60E-01;3.9798;9.57E-07;1.06E-05
TRINITY_DN11032_c0_g1_i7;-2.74E+00;2.2481;6.11E-05;4.42E-04
TRINITY_DN11050_c0_g2_i2;-3.59E+00;5.8746;5.56E-08;8.66E-07
TRINITY_DN11050_c0_g2_i3;-3.03E+00;6.0347;5.30E-08;8.27E-07
TRINITY_DN11076_c0_g1_i4;6.77E-01;4.194;4.79E-07;5.73E-06
TRINITY_DN1108_c0_g1_i3;1.47E+00;6.2664;7.73E-03;3.09E-02
TRINITY_DN1108_c0_g2_i1;2.36E+00;6.967;4.81E-05;3.68E-04
TRINITY_DN11093_c0_g3_i1;-1.43E+00;3.0935;1.53E-05;1.28E-04
TRINITY_DN11101_c0_g1_i3;-9.67E-01;2.898;9.77E-04;5.06E-03
TRINITY_DN1112_c0_g1_i3;-9.56E-01;4.6309;7.36E-12;2.69E-10
TRINITY_DN1113_c1_g1_i1;1.57E+00;4.202;3.68E-12;1.44E-10
TRINITY_DN11137_c0_g1_i11;-3.05E+00;3.6613;2.89E-14;1.90E-12
TRINITY_DN11137_c0_g1_i16;-2.21E+00;4.741;5.54E-23;3.38E-20
TRINITY_DN11139_c0_g1_i19;-1.88E+00;3.9113;7.36E-12;2.69E-10
TRINITY_DN11139_c0_g1_i34;2.73E+00;4.4634;4.41E-22;2.02E-19
TRINITY_DN112_c0_g2_i15;-1.15E+00;2.4234;3.91E-03;1.70E-02
TRINITY_DN11238_c0_g1_i4;-3.18E+00;4.7506;3.41E-30;1.72E-26
TRINITY_DN11243_c0_g1_i35;1.38E+00;3.0627;3.06E-05;2.37E-04
TRINITY_DN11325_c0_g1_i11;-7.67E-01;4.4134;7.50E-09;1.36E-07
TRINITY_DN1133_c0_g1_i22;-8.94E-01;4.4044;1.88E-09;3.87E-08
TRINITY_DN1133_c0_g1_i25;6.69E-01;4.2511;3.60E-05;2.77E-04
TRINITY_DN11341_c0_g1_i23;-8.50E-01;3.2776;2.44E-04;1.51E-03
TRINITY_DN11341_c0_g1_i34;-4.95E-01;5.1625;1.87E-07;2.57E-06
TRINITY_DN11371_c0_g2_i1;-2.82E+00;3.5116;7.36E-12;2.69E-10
TRINITY_DN1138_c0_g3_i2;-1.28E+00;3.5806;4.79E-07;5.73E-06
TRINITY_DN1142_c0_g1_i1;-1.53E+00;4.2796;4.61E-13;2.25E-11
TRINITY_DN1142_c0_g1_i3;-7.52E-01;4.316;3.00E-08;4.73E-07
TRINITY_DN1142_c0_g1_i5;-1.31E+00;4.336;7.36E-12;2.69E-10
TRINITY_DN1142_c0_g1_i7;-2.82E+00;4.2911;1.40E-20;4.56E-18
TRINITY_DN11450_c0_g1_i10;1.51E+00;2.6985;2.44E-04;1.51E-03
TRINITY_DN11451_c0_g2_i1;1.18E+00;4.2968;1.17E-10;3.18E-09
TRINITY_DN11466_c0_g1_i2;-1.20E+00;4.0403;1.88E-09;3.87E-08
TRINITY_DN11466_c0_g1_i21;-1.82E+00;3.0088;9.57E-07;1.06E-05
TRINITY_DN1148_c0_g2_i1;-1.06E+00;3.6457;1.91E-06;1.99E-05
TRINITY_DN11523_c0_g1_i1;2.71E+00;3.3721;1.33E-03;6.73E-03
TRINITY_DN11523_c0_g1_i23;7.64E-01;4.4842;3.75E-09;7.23E-08
TRINITY_DN1154_c0_g1_i3;-9.11E+00;2.2283;9.57E-07;1.06E-05
TRINITY_DN11541_c1_g1_i11;-3.39E+00;8.4707;5.79E-07;6.92E-06
TRINITY_DN11541_c1_g1_i18;-4.27E+00;7.2843;2.97E-07;3.80E-06
TRINITY_DN11549_c0_g1_i7;2.36E+00;6.0963;5.13E-06;4.94E-05
TRINITY_DN11555_c0_g1_i2;1.82E+00;4.1746;2.31E-13;1.22E-11
TRINITY_DN11559_c0_g1_i1;-6.74E-01;3.6248;3.06E-05;2.37E-04
TRINITY_DN11560_c0_g1_i22;1.91E+00;2.2303;9.77E-04;5.06E-03
TRINITY_DN11560_c0_g1_i33;1.29E+00;3.216;1.53E-05;1.28E-04
TRINITY_DN11574_c0_g1_i2;1.23E+00;2.5856;1.95E-03;9.27E-03
TRINITY_DN1159_c0_g1_i2;1.19E+00;2.6009;3.91E-03;1.70E-02
TRINITY_DN11594_c0_g1_i3;1.94E+00;6.6433;2.59E-04;1.59E-03
TRINITY_DN1162_c0_g1_i1;5.02E-01;4.3143;1.10E-05;9.74E-05
TRINITY_DN1162_c2_g1_i11;4.53E-01;4.1798;1.45E-04;9.61E-04
TRINITY_DN1162_c2_g1_i2;5.32E-01;4.2156;2.22E-04;1.44E-03
TRINITY_DN1162_c2_g1_i3;4.68E-01;4.5048;9.13E-04;5.00E-03
TRINITY_DN11688_c0_g1_i5;1.37E+00;4.7625;9.07E-16;8.76E-14
TRINITY_DN11708_c0_g1_i13;5.05E+00;2.0047;6.11E-05;4.42E-04
TRINITY_DN1172_c1_g1_i2;-8.49E-01;4.6822;2.94E-11;9.17E-10
TRINITY_DN11725_c0_g2_i1;5.49E-01;3.8825;2.35E-03;1.10E-02
TRINITY_DN11746_c0_g1_i1;-2.47E+00;3.3596;1.17E-10;3.18E-09
TRINITY_DN11746_c0_g1_i4;-4.00E+00;3.778;3.57E-18;6.40E-16
TRINITY_DN11746_c0_g2_i1;-2.60E+00;2.5188;1.53E-05;1.28E-04
TRINITY_DN11747_c0_g1_i9;-1.13E+00;4.2398;4.69E-10;1.11E-08
TRINITY_DN1175_c0_g1_i5;-9.72E-01;3.5958;3.83E-06;3.70E-05
TRINITY_DN11760_c0_g1_i1;6.61E-01;4.2485;4.79E-07;5.73E-06
TRINITY_DN11771_c0_g1_i5;1.65E+00;5.664;1.68E-05;1.40E-04
TRINITY_DN1179_c0_g3_i1;1.10E+00;4.1824;3.75E-09;7.23E-08
TRINITY_DN118_c0_g1_i17;-9.41E-01;3.6224;1.21E-04;8.17E-04
TRINITY_DN11842_c0_g1_i1;1.71E+00;5.6419;1.95E-05;1.61E-04
TRINITY_DN1187_c0_g1_i18;-2.92E+00;5.9776;1.26E-07;1.74E-06
TRINITY_DN11896_c0_g1_i2;1.38E+00;4.761;4.54E-16;4.77E-14
TRINITY_DN11896_c0_g1_i3;1.25E+00;5.3703;5.79E-04;3.22E-03
TRINITY_DN11899_c0_g1_i3;-7.90E-01;3.6069;1.53E-05;1.28E-04
TRINITY_DN11901_c0_g1_i12;-8.01E-01;4.091;2.39E-07;3.07E-06
TRINITY_DN1192_c0_g1_i46;8.77E-01;3.9758;4.79E-07;5.73E-06
TRINITY_DN11980_c0_g1_i11;-3.99E-01;5.1189;2.45E-06;2.53E-05
TRINITY_DN11980_c1_g1_i3;-5.32E-01;4.2202;1.10E-05;9.74E-05
TRINITY_DN11984_c0_g1_i6;-7.31E-01;4.2025;8.83E-05;6.28E-04
TRINITY_DN11997_c0_g1_i13;-4.96E-01;4.527;5.99E-08;8.84E-07
TRINITY_DN12000_c0_g1_i8;2.39E+00;6.0471;6.58E-05;4.74E-04
TRINITY_DN12020_c0_g1_i6;-2.53E+00;3.1794;7.50E-09;1.36E-07
TRINITY_DN1203_c0_g1_i15;1.22E+00;2.1914;7.82E-03;3.09E-02
TRINITY_DN1204_c0_g1_i23;-2.40E+00;4.664;1.39E-23;9.80E-21
TRINITY_DN1204_c0_g1_i26;-6.69E-01;4.4402;1.50E-08;2.53E-07
TRINITY_DN1212_c0_g1_i2;-4.34E-01;3.1787;7.82E-03;3.09E-02
TRINITY_DN12129_c0_g1_i5;6.66E-01;3.5848;1.22E-04;8.17E-04
TRINITY_DN12132_c0_g2_i4;7.15E-01;4.8517;2.94E-11;9.17E-10
TRINITY_DN1214_c0_g1_i9;-6.96E-01;4.5847;1.88E-09;3.87E-08
TRINITY_DN12151_c0_g1_i16;1.24E+00;3.6366;4.79E-07;5.73E-06
TRINITY_DN12155_c0_g1_i7;1.24E+00;3.0374;2.44E-04;1.51E-03
TRINITY_DN1218_c0_g1_i15;1.54E+00;3.3186;9.57E-07;1.06E-05
TRINITY_DN12188_c0_g3_i1;-2.05E+00;2.2989;2.44E-04;1.51E-03
TRINITY_DN12199_c0_g2_i4;-1.92E+00;4.4846;3.57E-18;6.40E-16
TRINITY_DN1221_c0_g1_i12;-5.83E+00;3.9328;5.43E-06;5.23E-05
TRINITY_DN12215_c0_g1_i7;-2.87E+00;1.9122;1.99E-03;9.43E-03
TRINITY_DN1229_c0_g1_i2;-2.42E+00;4.6521;3.48E-24;2.89E-21
TRINITY_DN12291_c0_g1_i4;-1.08E+00;4.2125;9.38E-10;2.07E-08
TRINITY_DN12347_c0_g1_i6;2.24E+00;3.5153;4.69E-10;1.11E-08
TRINITY_DN12351_c0_g1_i17;-6.81E-01;4.6644;2.48E-07;3.17E-06
TRINITY_DN12378_c0_g1_i82;-2.06E+00;2.6816;1.53E-05;1.28E-04
TRINITY_DN12409_c0_g2_i4;1.63E+00;3.6764;1.50E-08;2.53E-07
TRINITY_DN1246_c0_g1_i11;-7.06E-01;5.1414;2.54E-13;1.34E-11
TRINITY_DN12462_c0_g1_i1;-2.92E+00;2.2751;3.06E-05;2.37E-04
TRINITY_DN12465_c0_g1_i8;-5.69E-01;3.3632;4.89E-04;2.78E-03
TRINITY_DN12489_c0_g1_i1;-3.07E+00;6.6427;5.14E-07;6.16E-06
TRINITY_DN125_c0_g1_i28;1.77E+00;4.6675;3.57E-18;6.40E-16
TRINITY_DN12518_c0_g1_i12;-6.39E-01;4.3759;5.99E-08;8.84E-07
TRINITY_DN1257_c0_g1_i34;-7.97E-01;4.6328;5.88E-11;1.72E-09
TRINITY_DN1258_c0_g1_i15;-7.64E-01;3.3946;1.22E-04;8.17E-04
TRINITY_DN126_c1_g2_i2;-8.69E-01;3.931;4.79E-07;5.73E-06
TRINITY_DN1260_c0_g1_i13;-1.03E+01;3.4593;1.81E-15;1.60E-13
TRINITY_DN12606_c0_g1_i4;1.33E+00;3.3038;7.65E-06;6.88E-05
TRINITY_DN12636_c1_g1_i6;-2.70E+00;2.5235;1.91E-06;1.99E-05
TRINITY_DN12637_c0_g1_i8;4.98E-01;4.3558;4.89E-04;2.78E-03
TRINITY_DN1265_c2_g1_i5;-2.02E+00;5.4175;2.76E-07;3.53E-06
TRINITY_DN12675_c0_g1_i27;-1.49E+00;2.8038;6.11E-05;4.42E-04
TRINITY_DN1268_c0_g2_i3;-1.03E+00;4.166;3.75E-09;7.23E-08
TRINITY_DN12687_c0_g1_i7;1.12E+01;4.263;2.81E-06;2.90E-05
TRINITY_DN12687_c0_g2_i1;6.64E-01;3.3145;4.89E-04;2.78E-03
TRINITY_DN12707_c0_g2_i6;-1.37E+00;3.6118;1.20E-07;1.66E-06
TRINITY_DN12716_c0_g1_i24;4.92E-01;4.4141;2.78E-04;1.69E-03
TRINITY_DN12789_c0_g1_i12;9.22E-01;3.6668;7.65E-06;6.88E-05
TRINITY_DN12789_c0_g1_i14;-4.94E-01;4.3299;1.21E-04;8.17E-04
TRINITY_DN130_c0_g2_i1;1.49E+00;5.4066;1.35E-05;1.19E-04
TRINITY_DN13036_c0_g1_i13;-4.94E-01;4.3504;6.62E-05;4.76E-04
TRINITY_DN1308_c0_g1_i15;-1.40E+00;3.7554;1.50E-08;2.53E-07
TRINITY_DN13095_c0_g1_i8;-8.60E-01;3.0928;9.77E-04;5.06E-03
TRINITY_DN131_c0_g1_i16;-7.35E-01;3.7552;3.83E-06;3.70E-05
TRINITY_DN131_c0_g1_i31;-8.86E-01;4.3106;3.75E-09;7.23E-08
TRINITY_DN131_c0_g1_i44;-1.69E+00;4.1343;1.84E-12;7.75E-11
TRINITY_DN1310_c0_g1_i1;1.86E+00;3.2491;4.79E-07;5.73E-06
TRINITY_DN1310_c0_g1_i10;1.13E+00;4.8632;1.36E-08;2.44E-07
TRINITY_DN1310_c0_g2_i1;1.48E+00;3.2516;3.83E-06;3.70E-05
TRINITY_DN1310_c0_g2_i4;7.22E-01;2.8224;7.82E-03;3.09E-02
TRINITY_DN13103_c0_g1_i2;1.65E+00;4.0239;2.94E-11;9.17E-10
TRINITY_DN13121_c0_g1_i3;2.49E+00;4.6498;5.54E-23;3.38E-20
TRINITY_DN1316_c0_g1_i1;-2.67E+00;3.4373;7.36E-12;2.69E-10
TRINITY_DN1316_c0_g1_i2;-1.25E+00;4.5135;4.61E-13;2.25E-11
TRINITY_DN132_c0_g1_i16;-5.80E+00;6.419;8.45E-10;1.98E-08
TRINITY_DN1320_c1_g1_i3;-7.46E+00;3.1509;4.61E-13;2.25E-11
TRINITY_DN13225_c0_g1_i1;-3.10E-01;4.7227;9.13E-04;5.00E-03
TRINITY_DN13296_c0_g1_i1;1.14E+00;4.5961;9.22E-13;4.17E-11
TRINITY_DN13296_c0_g1_i2;-3.16E+00;3.1498;1.88E-09;3.87E-08
TRINITY_DN1334_c0_g1_i1;-1.21E+00;3.5183;1.91E-06;1.99E-05
TRINITY_DN1338_c0_g1_i4;-7.48E-01;3.8938;1.91E-06;1.99E-05
TRINITY_DN13399_c0_g1_i12;1.54E+00;3.307;1.91E-06;1.99E-05
TRINITY_DN134_c0_g1_i44;-1.09E+00;3.872;5.99E-08;8.84E-07
TRINITY_DN1347_c0_g1_i7;-1.40E+00;6.6112;4.10E-03;1.77E-02
TRINITY_DN1348_c0_g1_i1;9.06E-01;4.2637;1.50E-08;2.53E-07
TRINITY_DN1348_c0_g2_i5;1.64E+00;2.2049;3.91E-03;1.70E-02
TRINITY_DN13485_c0_g2_i1;-6.55E-01;4.0071;9.57E-07;1.06E-05
TRINITY_DN13497_c0_g1_i48;1.03E+00;4.7676;4.61E-13;2.25E-11
TRINITY_DN135_c0_g1_i29;-2.46E+00;3.3245;3.75E-09;7.23E-08
TRINITY_DN1354_c1_g1_i8;-1.02E+00;2.9277;4.89E-04;2.78E-03
TRINITY_DN1358_c0_g2_i9;-1.63E+00;4.6233;2.10E-15;1.85E-13
TRINITY_DN13600_c0_g1_i1;-1.24E+00;3.2149;1.53E-05;1.28E-04
TRINITY_DN13663_c0_g1_i19;-1.75E+00;3.7133;9.38E-10;2.07E-08
TRINITY_DN13663_c0_g1_i23;-3.66E+00;2.9694;1.88E-09;3.87E-08
TRINITY_DN13669_c0_g1_i8;7.70E-01;3.8817;3.83E-06;3.70E-05
TRINITY_DN1372_c0_g1_i2;-9.33E-01;3.9255;2.39E-07;3.07E-06
TRINITY_DN13730_c0_g1_i17;-4.64E+00;3.5734;4.54E-16;4.77E-14
TRINITY_DN13730_c0_g1_i2;-9.81E+00;2.7484;1.17E-10;3.18E-09
TRINITY_DN13775_c0_g2_i1;7.05E-01;4.411;7.65E-05;5.46E-04
TRINITY_DN13786_c0_g1_i7;-4.53E+00;2.2306;3.83E-06;3.70E-05
TRINITY_DN1384_c0_g3_i16;1.57E+00;3.9556;1.17E-10;3.18E-09
TRINITY_DN13873_c0_g1_i20;-5.08E-01;3.4259;9.77E-04;5.06E-03
TRINITY_DN1389_c0_g1_i8;-1.22E+00;4.6158;1.11E-04;7.84E-04
TRINITY_DN13899_c0_g1_i14;-3.62E+00;4.0796;8.82E-22;3.68E-19
TRINITY_DN13980_c0_g1_i4;2.59E+00;3.5432;5.88E-11;1.72E-09
TRINITY_DN13986_c0_g1_i13;9.03E-01;4.9033;2.65E-12;1.11E-10
TRINITY_DN13993_c0_g1_i10;-1.36E+00;2.6673;4.89E-04;2.78E-03
TRINITY_DN14001_c1_g1_i1;-2.13E+00;4.0969;7.24E-15;5.59E-13
TRINITY_DN14036_c0_g1_i4;1.10E+00;5.3661;5.27E-03;2.24E-02
TRINITY_DN1404_c0_g1_i16;1.12E+00;3.4424;7.65E-06;6.88E-05
TRINITY_DN141_c0_g2_i12;-4.04E-01;4.3917;4.35E-03;1.86E-02
TRINITY_DN14145_c0_g1_i19;6.66E-01;3.6364;6.11E-05;4.42E-04
TRINITY_DN142_c0_g1_i11;-1.41E+00;4.4957;5.78E-14;3.50E-12
TRINITY_DN14211_c0_g1_i39;1.98E+00;2.7792;1.53E-05;1.28E-04
TRINITY_DN14221_c0_g1_i1;1.28E+00;4.3549;7.36E-12;2.69E-10
TRINITY_DN14259_c0_g1_i1;9.97E-01;5.3058;5.59E-05;4.26E-04
TRINITY_DN14267_c0_g1_i21;1.00E+00;5.0688;3.92E-07;4.99E-06
TRINITY_DN14310_c1_g1_i11;-2.65E+00;4.6776;4.37E-25;4.71E-22
TRINITY_DN14335_c0_g1_i19;-4.20E-01;4.1381;7.65E-05;5.46E-04
TRINITY_DN14347_c0_g1_i10;1.34E+00;4.5949;5.78E-14;3.50E-12
TRINITY_DN14420_c0_g1_i13;1.54E+00;3.7481;7.50E-09;1.36E-07
TRINITY_DN14447_c0_g1_i17;-7.46E-01;4.1272;2.39E-07;3.07E-06
TRINITY_DN14447_c0_g1_i31;-1.68E+00;2.8551;3.06E-05;2.37E-04
TRINITY_DN14478_c0_g1_i19;-3.07E+00;2.3153;1.53E-05;1.28E-04
TRINITY_DN14495_c0_g1_i11;6.87E-01;4.9701;1.84E-12;7.75E-11
TRINITY_DN14578_c0_g2_i2;1.13E+00;2.3971;7.82E-03;3.09E-02
TRINITY_DN14602_c0_g1_i19;-4.90E-01;3.9153;5.20E-04;2.91E-03
TRINITY_DN14630_c0_g1_i13;5.60E-01;2.7625;7.82E-03;3.09E-02
TRINITY_DN14649_c0_g1_i4;-2.69E-01;4.7589;1.81E-04;1.19E-03
TRINITY_DN14649_c0_g1_i8;-2.24E+00;3.5684;5.88E-11;1.72E-09
TRINITY_DN14671_c0_g1_i23;-1.63E+00;3.1471;1.91E-06;1.99E-05
TRINITY_DN14671_c0_g1_i36;-1.03E+00;4.5527;7.36E-12;2.69E-10
TRINITY_DN14731_c0_g1_i20;-3.21E+00;4.2278;4.41E-22;2.02E-19
TRINITY_DN14778_c0_g1_i5;-1.05E+00;3.1878;2.75E-04;1.68E-03
TRINITY_DN1478_c0_g1_i9;-1.14E+00;4.1562;9.38E-10;2.07E-08
TRINITY_DN1479_c0_g1_i10;8.59E-01;2.7359;3.91E-03;1.70E-02
TRINITY_DN148_c0_g1_i20;-1.34E+00;4.1439;1.17E-10;3.18E-09
TRINITY_DN1482_c1_g1_i5;-3.96E-01;4.2751;4.03E-04;2.42E-03
TRINITY_DN1483_c0_g1_i26;-4.97E+00;1.9548;6.25E-05;4.52E-04
TRINITY_DN1483_c0_g1_i36;-1.02E+00;4.4167;1.17E-10;3.18E-09
TRINITY_DN1483_c0_g2_i1;-3.75E-01;4.323;2.58E-03;1.20E-02
TRINITY_DN1484_c0_g1_i10;-2.98E+00;6.1833;3.46E-07;4.41E-06
TRINITY_DN14840_c0_g1_i36;7.72E-01;4.87;7.36E-12;2.69E-10
TRINITY_DN1487_c0_g2_i11;-1.91E+00;2.6005;3.06E-05;2.37E-04
TRINITY_DN14870_c0_g1_i5;3.82E+00;4.788;5.86E-12;2.27E-10
TRINITY_DN14879_c0_g1_i5;1.54E+00;4.5575;3.62E-15;2.98E-13
TRINITY_DN149_c2_g3_i1;-7.81E-01;3.8273;4.02E-05;3.08E-04
TRINITY_DN14914_c0_g3_i10;2.07E+00;4.2857;1.81E-15;1.60E-13
TRINITY_DN14968_c0_g1_i20;-9.21E-01;4.856;2.31E-13;1.22E-11
TRINITY_DN15_c1_g1_i43;-1.86E+00;3.2273;3.33E-03;1.54E-02
TRINITY_DN1502_c0_g1_i17;-6.26E-01;3.1012;1.95E-03;9.27E-03
TRINITY_DN1502_c0_g1_i8;-1.86E+00;4.0711;2.31E-13;1.22E-11
TRINITY_DN1505_c0_g1_i1;-1.61E+00;3.6631;3.75E-09;7.23E-08
TRINITY_DN1507_c0_g2_i13;-1.18E+00;3.0822;1.22E-04;8.17E-04
TRINITY_DN1513_c0_g1_i23;-1.20E+00;3.5887;9.57E-07;1.06E-05
TRINITY_DN1524_c0_g1_i85;-1.67E+00;3.8095;4.69E-10;1.11E-08
TRINITY_DN1526_c0_g1_i5;4.81E-01;4.9137;1.57E-03;7.94E-03
TRINITY_DN1529_c0_g1_i32;-5.22E-01;4.4588;8.08E-07;9.57E-06
TRINITY_DN15316_c0_g1_i12;1.06E+00;4.219;3.75E-09;7.23E-08
TRINITY_DN1532_c0_g1_i1;-1.83E+00;4.9324;2.77E-23;1.85E-20
TRINITY_DN15329_c0_g1_i19;-9.49E+00;2.4939;1.50E-08;2.53E-07
TRINITY_DN15334_c1_g1_i11;1.61E+00;2.8061;6.11E-05;4.42E-04
TRINITY_DN15335_c0_g1_i5;-5.41E-01;5.2845;4.85E-04;2.78E-03
TRINITY_DN1535_c0_g1_i11;1.32E+00;3.6705;1.20E-07;1.66E-06
TRINITY_DN1535_c0_g2_i1;6.25E-01;5.1225;2.42E-04;1.51E-03
TRINITY_DN15351_c0_g1_i6;-4.34E-01;4.745;2.75E-05;2.26E-04
TRINITY_DN1536_c0_g1_i5;-1.75E+00;3.6144;3.75E-09;7.23E-08
TRINITY_DN1536_c0_g2_i1;3.89E-01;4.8232;1.04E-04;7.38E-04
TRINITY_DN15369_c0_g1_i15;-1.06E+00;3.3579;3.83E-06;3.70E-05
TRINITY_DN15400_c0_g1_i11;1.74E+00;4.712;1.79E-18;3.51E-16
TRINITY_DN15403_c0_g1_i21;-2.32E+00;2.8596;9.57E-07;1.06E-05
TRINITY_DN15429_c0_g1_i40;-4.42E+00;2.5906;1.20E-07;1.66E-06
TRINITY_DN1543_c2_g1_i3;5.21E-01;3.921;1.53E-05;1.28E-04
TRINITY_DN1543_c2_g1_i5;9.30E-01;2.7054;3.91E-03;1.70E-02
TRINITY_DN15498_c0_g1_i37;-6.11E+00;3.1588;2.31E-13;1.22E-11
TRINITY_DN155_c0_g1_i7;-1.12E+00;5.3944;1.15E-03;5.87E-03
TRINITY_DN1551_c0_g1_i16;-8.82E+00;2.0854;7.65E-06;6.88E-05
TRINITY_DN15520_c0_g1_i9;1.39E+00;2.6017;9.77E-04;5.06E-03
TRINITY_DN15554_c0_g1_i21;6.00E-01;3.4697;4.89E-04;2.78E-03
TRINITY_DN15646_c0_g1_i22;-1.18E+00;2.8111;4.89E-04;2.78E-03
TRINITY_DN15653_c1_g1_i8;-4.47E+00;4.8069;8.64E-12;3.15E-10
TRINITY_DN1574_c0_g2_i3;1.61E+00;4.1229;1.47E-11;4.97E-10
TRINITY_DN15797_c0_g1_i8;-1.86E+00;2.8241;7.65E-06;6.88E-05
TRINITY_DN15837_c0_g1_i4;3.83E-01;4.6078;4.08E-03;1.76E-02
TRINITY_DN15864_c0_g1_i24;-1.27E+00;3.0548;6.11E-05;4.42E-04
TRINITY_DN15864_c0_g2_i1;-7.46E-01;5.2378;1.81E-15;1.60E-13
TRINITY_DN1587_c0_g1_i4;-1.16E+00;3.8868;5.99E-08;8.84E-07
TRINITY_DN15938_c0_g1_i17;1.06E+00;2.4307;7.82E-03;3.09E-02
TRINITY_DN15938_c0_g1_i21;9.33E+00;2.5041;2.39E-07;3.07E-06
TRINITY_DN15954_c0_g1_i20;-8.68E-01;3.3983;1.22E-04;8.17E-04
TRINITY_DN16024_c0_g1_i7;-1.55E+00;3.2119;3.83E-06;3.70E-05
TRINITY_DN16078_c0_g1_i4;2.81E+00;2.8028;5.99E-08;8.84E-07
TRINITY_DN16082_c0_g1_i1;-1.71E+00;3.1601;9.57E-07;1.06E-05
TRINITY_DN16130_c0_g1_i8;5.67E-01;3.835;3.06E-05;2.37E-04
TRINITY_DN16157_c0_g1_i2;1.15E+00;4.5457;3.68E-12;1.44E-10
TRINITY_DN1618_c0_g1_i17;-1.70E+00;3.3882;1.20E-07;1.66E-06
TRINITY_DN16196_c0_g1_i6;1.53E+00;5.5821;4.22E-05;3.23E-04
TRINITY_DN162_c0_g1_i4;-5.95E-01;3.9254;1.45E-04;9.61E-04
TRINITY_DN16206_c0_g1_i2;-1.62E+00;5.2219;9.82E-09;1.77E-07
TRINITY_DN1622_c0_g1_i1;4.40E+00;1.8114;2.03E-03;9.58E-03
TRINITY_DN16334_c0_g1_i13;4.22E-01;3.9405;9.78E-04;5.06E-03
TRINITY_DN1639_c0_g1_i25;2.44E+00;5.8316;3.18E-07;4.06E-06
TRINITY_DN1639_c0_g1_i45;-3.01E+00;2.2539;3.06E-05;2.37E-04
TRINITY_DN16413_c0_g1_i2;1.36E+00;4.5905;3.91E-04;2.36E-03
TRINITY_DN16477_c0_g1_i23;-1.78E+00;6.0343;6.62E-05;4.76E-04
TRINITY_DN16486_c0_g1_i10;-9.93E-01;4.5078;2.94E-11;9.17E-10
TRINITY_DN16486_c0_g1_i2;-1.34E+00;3.6609;1.20E-07;1.66E-06
TRINITY_DN16486_c0_g1_i3;-2.30E+00;3.8949;2.31E-13;1.22E-11
TRINITY_DN16499_c0_g1_i18;1.25E+00;5.7416;7.64E-04;4.22E-03
TRINITY_DN1651_c0_g1_i2;3.93E-01;3.9;9.78E-04;5.06E-03
TRINITY_DN1653_c0_g1_i10;1.06E+00;4.6977;9.22E-13;4.17E-11
TRINITY_DN1653_c0_g1_i3;8.85E-01;5.114;3.62E-15;2.98E-13
TRINITY_DN1656_c0_g1_i16;3.99E-01;4.6815;5.35E-04;2.99E-03
TRINITY_DN16564_c0_g1_i7;-2.23E+00;3.7429;3.68E-12;1.44E-10
TRINITY_DN16655_c0_g1_i24;-8.37E-01;3.5271;2.75E-04;1.68E-03
TRINITY_DN16664_c0_g1_i11;-8.94E-01;2.7606;1.95E-03;9.27E-03
TRINITY_DN1667_c0_g1_i2;6.24E-01;4.119;9.57E-07;1.06E-05
TRINITY_DN1667_c0_g2_i1;9.78E-01;4.1736;1.50E-08;2.53E-07
TRINITY_DN1668_c0_g1_i16;6.44E-01;3.8889;1.53E-05;1.28E-04
TRINITY_DN1668_c0_g1_i4;5.26E-01;3.1069;7.82E-03;3.09E-02
TRINITY_DN1675_c0_g1_i18;7.44E-01;3.8427;1.49E-03;7.55E-03
TRINITY_DN1679_c0_g1_i1;7.83E-01;5.0434;2.65E-12;1.11E-10
TRINITY_DN1679_c0_g1_i6;1.44E+00;4.7226;2.27E-16;2.61E-14
TRINITY_DN16802_c0_g1_i2;-6.85E-01;3.7827;1.53E-05;1.28E-04
TRINITY_DN16806_c1_g1_i15;-8.78E-01;3.6116;1.53E-05;1.28E-04
TRINITY_DN16806_c1_g1_i6;-1.99E+00;3.865;1.84E-12;7.75E-11
TRINITY_DN1681_c0_g3_i1;-3.08E+00;4.7807;3.41E-30;1.72E-26
TRINITY_DN16839_c0_g1_i2;-7.36E-01;4.4588;9.38E-10;2.07E-08
TRINITY_DN16839_c0_g1_i9;-1.85E+00;4.1802;2.89E-14;1.90E-12
TRINITY_DN1685_c0_g1_i36;-1.52E+00;3.6864;7.50E-09;1.36E-07
TRINITY_DN16911_c0_g1_i20;1.74E+00;2.7953;3.06E-05;2.37E-04
TRINITY_DN16936_c1_g3_i3;1.34E+00;3.9046;7.50E-09;1.36E-07
TRINITY_DN16953_c0_g1_i7;-1.54E+00;3.0686;1.53E-05;1.28E-04
TRINITY_DN170_c0_g2_i2;-1.90E+00;4.6982;2.81E-20;8.29E-18
TRINITY_DN170_c0_g2_i3;-2.05E+00;5.8663;1.62E-05;1.35E-04
TRINITY_DN17014_c0_g1_i18;-1.08E+00;4.1098;7.50E-09;1.36E-07
TRINITY_DN17107_c0_g1_i3;1.17E+00;4.6625;2.31E-13;1.22E-11
TRINITY_DN17195_c0_g1_i4;9.65E-01;4.8286;2.31E-13;1.22E-11
TRINITY_DN17216_c0_g1_i5;2.64E+00;4.3767;5.61E-20;1.54E-17
TRINITY_DN17228_c0_g1_i4;-2.01E+00;3.5111;1.88E-09;3.87E-08
TRINITY_DN173_c0_g1_i14;-3.47E-01;4.3111;7.21E-03;3.01E-02
TRINITY_DN173_c0_g1_i18;-8.41E-01;4.4697;9.38E-10;2.07E-08
TRINITY_DN173_c0_g1_i2;-1.57E+00;4.5837;4.54E-16;4.77E-14
TRINITY_DN1736_c0_g1_i1;-6.39E-01;3.8235;3.06E-05;2.37E-04
TRINITY_DN174_c0_g1_i16;6.16E-01;5.093;3.87E-11;1.20E-09
TRINITY_DN17401_c0_g1_i11;2.06E+00;3.9321;4.61E-13;2.25E-11
TRINITY_DN17401_c0_g1_i4;1.40E+00;4.7562;2.27E-16;2.61E-14
TRINITY_DN1741_c0_g1_i2;1.57E+00;3.9298;4.69E-10;1.11E-08
TRINITY_DN1743_c0_g2_i1;-5.65E-01;5.0443;1.87E-07;2.57E-06
TRINITY_DN17623_c0_g3_i9;6.06E-01;4.7787;2.25E-05;1.85E-04
TRINITY_DN17741_c0_g1_i14;1.09E+00;4.3194;4.69E-10;1.11E-08
TRINITY_DN17750_c0_g1_i5;-6.36E-01;2.7255;7.82E-03;3.09E-02
TRINITY_DN1789_c0_g2_i9;-4.53E-01;4.0167;1.27E-02;4.85E-02
TRINITY_DN1789_c1_g1_i1;6.89E-01;3.7734;1.53E-05;1.28E-04
TRINITY_DN17960_c0_g1_i1;1.42E+00;4.1503;5.88E-11;1.72E-09
TRINITY_DN17960_c0_g1_i10;2.49E+00;4.9384;2.07E-12;8.69E-11
TRINITY_DN18035_c0_g1_i1;-1.33E+00;4.7167;9.07E-16;8.76E-14
TRINITY_DN18069_c0_g1_i15;-1.52E+00;3.9471;5.88E-11;1.72E-09
TRINITY_DN1808_c0_g1_i7;2.06E+00;4.597;1.12E-19;2.90E-17
TRINITY_DN18086_c0_g1_i4;-6.20E-01;3.763;5.20E-04;2.91E-03
TRINITY_DN1813_c0_g1_i24;-2.06E+00;6.7142;1.39E-04;9.26E-04
TRINITY_DN1813_c0_g1_i7;-4.00E+00;5.9141;1.10E-06;1.22E-05
TRINITY_DN18177_c0_g1_i10;5.02E-01;4.4525;3.60E-05;2.77E-04
TRINITY_DN18261_c0_g1_i7;-1.75E+00;4.7876;1.40E-20;4.56E-18
TRINITY_DN1827_c0_g1_i30;-1.96E+00;3.7721;3.68E-12;1.44E-10
TRINITY_DN1841_c0_g1_i2;-5.20E-01;4.7533;8.47E-06;7.59E-05
TRINITY_DN1844_c0_g1_i2;6.41E-01;4.6613;1.88E-09;3.87E-08
TRINITY_DN18459_c0_g1_i12;-2.31E+00;3.9291;2.89E-14;1.90E-12
TRINITY_DN18490_c0_g1_i5;2.19E+00;1.978;1.96E-03;9.29E-03
TRINITY_DN18502_c0_g3_i4;-1.13E+00;5.1955;1.19E-15;1.14E-13
TRINITY_DN18702_c0_g1_i13;4.74E-01;4.0178;2.35E-03;1.10E-02
TRINITY_DN1881_c0_g1_i9;-2.34E+00;3.359;4.69E-10;1.11E-08
TRINITY_DN1889_c0_g2_i42;-1.52E+00;3.136;3.83E-06;3.70E-05
TRINITY_DN1889_c0_g3_i1;3.74E-01;4.5053;2.60E-03;1.21E-02
TRINITY_DN1893_c2_g1_i1;-1.09E+00;3.527;9.57E-07;1.06E-05
TRINITY_DN1895_c0_g1_i5;-7.50E-01;4.1678;2.39E-07;3.07E-06
TRINITY_DN18957_c0_g1_i2;-1.28E+00;3.5488;9.57E-07;1.06E-05
TRINITY_DN18980_c0_g1_i19;-2.31E+00;4.1926;4.54E-16;4.77E-14
TRINITY_DN19001_c0_g1_i11;4.92E-01;4.7373;5.97E-05;4.42E-04
TRINITY_DN1901_c0_g1_i5;-1.56E+00;2.7843;1.22E-04;8.17E-04
TRINITY_DN1904_c0_g1_i10;-1.25E+00;2.9552;2.44E-04;1.51E-03
TRINITY_DN191_c0_g2_i4;1.68E+00;4.0806;1.47E-11;4.97E-10
TRINITY_DN19101_c0_g1_i18;1.73E+00;6.0501;1.19E-04;8.17E-04
TRINITY_DN1920_c0_g1_i28;-1.22E+00;4.2963;5.88E-11;1.72E-09
TRINITY_DN1925_c0_g1_i41;-1.20E+00;4.126;4.69E-10;1.11E-08
TRINITY_DN193_c0_g1_i11;6.56E-01;3.4203;4.89E-04;2.78E-03
TRINITY_DN19380_c0_g1_i3;1.88E+00;2.2967;9.77E-04;5.06E-03
TRINITY_DN1941_c0_g1_i17;6.93E-01;3.1501;1.17E-02;4.49E-02
TRINITY_DN19475_c0_g1_i7;6.74E-01;3.4247;1.29E-02;4.91E-02
TRINITY_DN19602_c0_g1_i10;7.51E-01;3.7846;1.45E-04;9.61E-04
TRINITY_DN19604_c1_g1_i10;-2.22E+00;3.8959;4.61E-13;2.25E-11
TRINITY_DN19607_c0_g1_i26;-9.28E-01;3.1441;2.44E-04;1.51E-03
TRINITY_DN19614_c0_g1_i7;-1.62E+00;2.4959;4.89E-04;2.78E-03
TRINITY_DN1973_c0_g2_i2;1.29E+00;6.7419;1.15E-02;4.43E-02
TRINITY_DN1978_c0_g2_i1;-1.72E+00;8.5015;4.17E-03;1.80E-02
TRINITY_DN19805_c0_g1_i12;-1.28E+00;3.3796;1.21E-04;8.17E-04
TRINITY_DN1981_c0_g1_i10;2.04E+00;2.9791;3.83E-06;3.70E-05
TRINITY_DN1987_c0_g1_i1;8.08E-01;3.3207;2.44E-04;1.51E-03
TRINITY_DN19912_c0_g1_i18;-1.30E+00;3.4235;1.91E-06;1.99E-05
TRINITY_DN19912_c0_g1_i23;-3.90E+00;4.6742;1.14E-10;3.18E-09
TRINITY_DN19933_c0_g1_i4;1.42E+00;4.5429;2.89E-14;1.90E-12
TRINITY_DN19933_c0_g1_i5;3.83E-01;4.7179;9.15E-04;5.01E-03
TRINITY_DN19933_c0_g1_i9;1.11E+00;4.3872;1.17E-10;3.18E-09
TRINITY_DN2003_c0_g1_i18;-1.53E+00;3.9467;2.35E-10;5.97E-09
TRINITY_DN20085_c0_g1_i17;8.34E-01;4.4131;3.75E-09;7.23E-08
TRINITY_DN2009_c0_g1_i5;4.37E-01;4.3992;8.57E-04;4.71E-03
TRINITY_DN20210_c0_g2_i1;-1.70E+00;3.378;2.39E-07;3.07E-06
TRINITY_DN20233_c0_g1_i5;-1.80E+00;8.4134;3.07E-03;1.42E-02
TRINITY_DN2030_c0_g1_i10;-6.91E-01;3.8514;3.83E-06;3.70E-05
TRINITY_DN2030_c0_g1_i14;-4.48E-01;4.0917;2.75E-04;1.68E-03
TRINITY_DN20320_c0_g1_i40;-3.05E+00;5.256;4.39E-12;1.71E-10
TRINITY_DN20342_c0_g1_i6;-1.33E+00;3.557;2.39E-07;3.07E-06
TRINITY_DN20360_c0_g1_i10;1.03E+00;4.4534;5.88E-11;1.72E-09
TRINITY_DN20374_c0_g1_i34;6.79E+00;1.8873;2.55E-04;1.57E-03
TRINITY_DN2040_c0_g1_i64;-9.51E-01;2.6594;3.91E-03;1.70E-02
TRINITY_DN20421_c1_g1_i6;-4.22E-01;3.9628;2.75E-04;1.68E-03
TRINITY_DN20503_c0_g1_i21;3.78E-01;3.6797;6.35E-03;2.67E-02
TRINITY_DN2056_c0_g1_i5;-4.32E-01;3.8785;7.39E-03;3.07E-02
TRINITY_DN206_c0_g1_i14;-2.24E+00;5.7646;3.26E-07;4.17E-06
TRINITY_DN2062_c1_g2_i1;1.69E+00;2.8868;3.06E-05;2.37E-04
TRINITY_DN2062_c1_g4_i1;1.74E+00;4.1822;2.31E-13;1.22E-11
TRINITY_DN2062_c1_g4_i2;2.42E+00;4.5282;7.03E-21;2.46E-18
TRINITY_DN2077_c0_g1_i8;-6.97E-01;2.8606;1.95E-03;9.27E-03
TRINITY_DN2084_c0_g1_i32;-1.45E+00;2.4468;1.95E-03;9.27E-03
TRINITY_DN2084_c0_g1_i7;-1.49E+00;3.8659;9.38E-10;2.07E-08
TRINITY_DN2088_c0_g1_i7;1.27E+00;4.2855;2.94E-11;9.17E-10
TRINITY_DN209_c0_g2_i8;-4.02E-01;3.4985;3.42E-03;1.57E-02
TRINITY_DN20944_c0_g1_i19;-1.04E+00;3.4393;3.83E-06;3.70E-05
TRINITY_DN2109_c0_g1_i3;-8.04E-01;4.4746;1.88E-09;3.87E-08
TRINITY_DN2110_c0_g1_i1;-1.07E+00;4.7123;2.31E-13;1.22E-11
TRINITY_DN2110_c0_g1_i4;-1.62E+00;3.5693;1.50E-08;2.53E-07
TRINITY_DN2110_c0_g1_i5;-9.72E-01;4.9742;1.15E-03;5.87E-03
TRINITY_DN21213_c0_g1_i16;-8.77E-01;3.6646;7.65E-06;6.88E-05
TRINITY_DN2122_c1_g2_i10;1.39E+00;2.1048;7.82E-03;3.09E-02
TRINITY_DN2136_c0_g1_i16;2.19E+00;4.9254;8.48E-15;6.53E-13
TRINITY_DN2136_c0_g1_i20;1.79E+00;4.8414;9.44E-11;2.73E-09
TRINITY_DN21374_c0_g1_i2;-2.32E+00;3.2438;3.75E-09;7.23E-08
TRINITY_DN2138_c0_g1_i24;-1.19E+00;4.9004;2.27E-16;2.61E-14
TRINITY_DN21402_c0_g1_i16;-2.55E+00;3.6898;9.22E-13;4.17E-11
TRINITY_DN2143_c0_g1_i32;-5.63E-01;4.2832;1.10E-05;9.74E-05
TRINITY_DN21508_c0_g1_i8;-9.19E-01;4.1117;3.00E-08;4.73E-07
TRINITY_DN21520_c0_g1_i11;-1.14E+00;3.0143;2.44E-04;1.51E-03
TRINITY_DN2164_c0_g1_i43;-2.86E+00;2.3274;1.53E-05;1.28E-04
TRINITY_DN2165_c0_g1_i14;6.58E-01;3.8704;1.53E-05;1.28E-04
TRINITY_DN2168_c0_g1_i16;4.59E-01;3.7349;3.42E-03;1.57E-02
TRINITY_DN21681_c0_g1_i17;-4.29E-01;4.4513;4.89E-04;2.78E-03
TRINITY_DN217_c0_g1_i55;9.17E-01;4.3135;7.50E-09;1.36E-07
TRINITY_DN2174_c0_g2_i1;-2.52E+00;8.4069;6.98E-05;5.01E-04
TRINITY_DN21761_c0_g1_i29;-1.71E+00;2.7822;6.11E-05;4.42E-04
TRINITY_DN2177_c0_g1_i11;-2.97E+00;4.2876;7.03E-21;2.46E-18
TRINITY_DN21804_c0_g1_i1;1.05E+00;2.6079;3.91E-03;1.70E-02
TRINITY_DN2205_c1_g1_i5;-2.86E+00;3.7985;1.45E-14;1.04E-12
TRINITY_DN2205_c1_g2_i1;-1.04E+00;4.2167;1.88E-09;3.87E-08
TRINITY_DN221_c0_g1_i13;1.11E+00;3.5107;3.83E-06;3.70E-05
TRINITY_DN22169_c0_g1_i4;5.30E-01;3.9236;3.06E-05;2.37E-04
TRINITY_DN22194_c0_g1_i16;-6.10E-01;3.2773;9.77E-04;5.06E-03
TRINITY_DN2223_c0_g2_i3;1.16E+00;4.789;1.45E-14;1.04E-12
TRINITY_DN22291_c0_g1_i4;-3.87E+00;2.8179;1.88E-09;3.87E-08
TRINITY_DN223_c0_g1_i14;-4.45E-01;4.7213;3.05E-06;3.12E-05
TRINITY_DN22343_c0_g3_i6;1.71E+00;3.5294;5.99E-08;8.84E-07
TRINITY_DN22345_c0_g1_i14;-6.95E-01;2.8971;3.91E-03;1.70E-02
TRINITY_DN2237_c0_g2_i11;1.61E+00;5.0669;2.99E-15;2.62E-13
TRINITY_DN22386_c0_g1_i24;6.12E-01;2.7853;7.82E-03;3.09E-02
TRINITY_DN22481_c0_g1_i5;-1.07E+00;3.4802;7.65E-06;6.88E-05
TRINITY_DN2258_c0_g1_i3;4.63E-01;4.9446;7.71E-07;9.16E-06
TRINITY_DN2260_c0_g1_i3;-1.50E+00;3.402;4.79E-07;5.73E-06
TRINITY_DN2260_c0_g1_i6;-3.52E-01;4.6075;1.52E-03;7.67E-03
TRINITY_DN22613_c0_g1_i2;7.56E-01;4.7041;1.17E-10;3.18E-09
TRINITY_DN2265_c0_g1_i1;-7.58E-01;3.8395;1.91E-06;1.99E-05
TRINITY_DN2268_c0_g1_i18;-1.03E+00;3.37;1.53E-05;1.28E-04
TRINITY_DN2268_c0_g1_i9;-4.51E-01;3.6766;2.44E-04;1.51E-03
TRINITY_DN2276_c0_g1_i5;-2.47E+00;4.0293;9.07E-16;8.76E-14
TRINITY_DN22824_c0_g1_i1;1.01E+00;4.1248;3.00E-08;4.73E-07
TRINITY_DN2285_c0_g1_i1;3.61E-01;4.6231;9.37E-03;3.63E-02
TRINITY_DN2296_c0_g1_i6;-1.88E+00;3.7421;5.88E-11;1.72E-09
TRINITY_DN2316_c0_g2_i12;4.89E-01;4.851;1.10E-05;9.74E-05
TRINITY_DN23381_c0_g2_i2;-2.65E+00;3.0552;1.50E-08;2.53E-07
TRINITY_DN23398_c0_g1_i6;-1.90E+00;3.6616;4.69E-10;1.11E-08
TRINITY_DN23398_c0_g1_i8;-1.32E+00;4.545;5.78E-14;3.50E-12
TRINITY_DN2340_c0_g1_i4;6.83E-01;3.817;7.30E-04;4.04E-03
TRINITY_DN2340_c0_g2_i2;5.05E-01;4.089;1.45E-04;9.61E-04
TRINITY_DN2356_c0_g1_i6;-4.72E-01;4.2878;2.22E-04;1.44E-03
TRINITY_DN2357_c0_g2_i1;-3.32E+00;3.0768;4.69E-10;1.11E-08
TRINITY_DN2363_c1_g1_i12;-1.00E+01;3.004;1.84E-12;7.75E-11
TRINITY_DN23632_c0_g1_i7;2.04E+00;3.0266;9.57E-07;1.06E-05
TRINITY_DN23670_c0_g1_i6;-1.83E+00;4.3722;1.81E-15;1.60E-13
TRINITY_DN2375_c0_g1_i5;1.67E+00;3.0553;7.65E-06;6.88E-05
TRINITY_DN2375_c0_g2_i1;6.08E-01;3.907;1.53E-05;1.28E-04
TRINITY_DN2376_c0_g1_i3;-6.30E-01;4.3663;1.56E-06;1.71E-05
TRINITY_DN2383_c1_g1_i14;-1.28E+00;4.9822;3.55E-04;2.14E-03
TRINITY_DN2404_c0_g1_i16;1.32E+00;5.1924;2.32E-06;2.40E-05
TRINITY_DN2418_c0_g3_i3;-1.89E+00;4.4952;7.13E-18;1.18E-15
TRINITY_DN2420_c0_g1_i13;-7.85E-01;3.611;3.06E-05;2.37E-04
TRINITY_DN2428_c0_g1_i5;-5.70E-01;4.7519;3.70E-08;5.80E-07
TRINITY_DN2434_c0_g1_i14;1.21E+00;5.8755;1.04E-02;4.02E-02
TRINITY_DN2454_c0_g1_i12;2.40E+00;4.4618;2.81E-20;8.29E-18
TRINITY_DN2456_c1_g2_i17;-7.66E-01;3.8409;3.83E-06;3.70E-05
TRINITY_DN2457_c0_g1_i7;-7.16E-01;4.2559;1.20E-07;1.66E-06
TRINITY_DN24604_c0_g1_i10;1.04E+00;4.4397;1.17E-10;3.18E-09
TRINITY_DN24634_c0_g1_i13;5.36E-01;4.3341;1.10E-05;9.74E-05
TRINITY_DN24716_c0_g1_i13;3.38E-01;3.9476;7.39E-03;3.07E-02
TRINITY_DN2475_c0_g1_i22;1.55E+00;4.102;5.88E-11;1.72E-09
TRINITY_DN248_c0_g1_i35;-2.03E+00;4.7563;8.82E-22;3.68E-19
TRINITY_DN248_c0_g3_i1;4.23E+00;1.9551;2.50E-04;1.54E-03
TRINITY_DN2488_c2_g1_i1;2.53E+00;3.8544;2.31E-13;1.22E-11
TRINITY_DN2489_c0_g4_i1;8.86E-01;5.2254;3.02E-10;7.63E-09
TRINITY_DN2495_c0_g2_i1;1.11E+00;3.9099;1.20E-07;1.66E-06
TRINITY_DN2499_c0_g1_i27;2.02E+00;2.9671;3.83E-06;3.70E-05
TRINITY_DN2504_c0_g1_i5;-4.33E-01;3.393;1.29E-02;4.91E-02
TRINITY_DN25119_c0_g3_i1;1.23E+00;4.3091;1.17E-10;3.18E-09
TRINITY_DN2515_c0_g2_i11;8.22E-01;4.8139;4.10E-08;6.41E-07
TRINITY_DN2519_c0_g1_i11;2.97E+00;6.1045;2.38E-06;2.47E-05
TRINITY_DN2528_c0_g1_i56;-8.85E-01;4.4637;9.38E-10;2.07E-08
TRINITY_DN25290_c0_g1_i2;8.39E-01;3.5809;3.06E-05;2.37E-04
TRINITY_DN25330_c0_g2_i2;-4.63E-01;4.7804;5.81E-08;8.84E-07
TRINITY_DN2537_c0_g1_i66;-1.76E+00;2.8378;1.53E-05;1.28E-04
TRINITY_DN2538_c1_g1_i5;-7.98E-01;4.7564;1.06E-02;4.10E-02
TRINITY_DN2548_c0_g1_i1;-2.97E+00;4.8781;6.01E-20;1.64E-17
TRINITY_DN2549_c0_g1_i13;1.77E+00;3.8664;2.35E-10;5.97E-09
TRINITY_DN2565_c0_g1_i11;-2.37E+00;3.9251;2.89E-14;1.90E-12
TRINITY_DN25767_c0_g1_i17;1.50E+00;3.9715;4.69E-10;1.11E-08
TRINITY_DN2584_c0_g2_i2;1.52E+00;4.0287;1.17E-10;3.18E-09
TRINITY_DN2586_c0_g1_i6;-5.98E-01;5.0219;1.51E-09;3.30E-08
TRINITY_DN2593_c0_g1_i10;-7.37E-01;3.6109;1.53E-05;1.28E-04
TRINITY_DN2594_c0_g1_i13;-2.11E+00;4.037;1.02E-06;1.13E-05
TRINITY_DN2596_c0_g4_i1;-3.17E+00;3.8187;4.54E-16;4.77E-14
TRINITY_DN2599_c1_g1_i2;1.30E+00;4.4942;4.61E-13;2.25E-11
TRINITY_DN260_c0_g3_i1;-1.57E+00;3.2103;1.91E-06;1.99E-05
TRINITY_DN2606_c0_g1_i10;-3.48E+00;3.2208;2.35E-10;5.97E-09
TRINITY_DN26118_c0_g1_i3;-2.57E+00;5.409;8.79E-03;3.42E-02
TRINITY_DN2613_c0_g1_i1;-1.31E+00;4.0702;4.69E-10;1.11E-08
TRINITY_DN2618_c0_g1_i5;2.74E+00;5.0732;2.41E-10;6.11E-09
TRINITY_DN26284_c0_g1_i15;-2.80E+00;3.6985;5.78E-14;3.50E-12
TRINITY_DN26284_c0_g1_i2;-4.97E+00;2.7633;3.75E-09;7.23E-08
TRINITY_DN26294_c0_g1_i1;-7.49E-01;2.8447;7.82E-03;3.09E-02
TRINITY_DN26294_c0_g1_i6;-1.11E+00;3.0845;1.22E-04;8.17E-04
TRINITY_DN26363_c0_g1_i9;-2.90E+00;3.4955;3.68E-12;1.44E-10
TRINITY_DN2651_c0_g1_i17;-2.84E+00;4.3706;1.76E-21;6.90E-19
TRINITY_DN2652_c0_g1_i7;-2.37E+00;9.7115;4.37E-04;2.62E-03
TRINITY_DN2652_c0_g1_i8;-3.28E+00;7.5915;3.74E-07;4.77E-06
TRINITY_DN26585_c0_g2_i12;-3.88E+00;3.6832;1.81E-15;1.60E-13
TRINITY_DN26585_c0_g2_i13;-2.79E+00;4.4539;8.87E-08;1.30E-06
TRINITY_DN266_c0_g1_i12;-3.81E+00;5.874;3.81E-08;5.97E-07
TRINITY_DN266_c0_g1_i14;-3.56E+00;4.7274;6.13E-14;3.70E-12
TRINITY_DN266_c0_g1_i15;-4.17E+00;3.8174;2.24E-19;5.44E-17
TRINITY_DN266_c0_g1_i19;-3.07E+00;4.8234;2.73E-04;1.67E-03
TRINITY_DN266_c0_g1_i2;-4.20E+00;3.4839;5.78E-14;3.50E-12
TRINITY_DN266_c0_g1_i31;-4.71E+00;4.715;2.43E-16;2.79E-14
TRINITY_DN266_c0_g1_i5;-2.31E+00;3.9179;5.78E-14;3.50E-12
TRINITY_DN266_c0_g1_i7;-4.77E+00;3.4612;1.45E-14;1.04E-12
TRINITY_DN2680_c0_g1_i2;-2.18E+00;3.1661;1.50E-08;2.53E-07
TRINITY_DN2683_c0_g1_i23;-2.32E+00;2.4174;6.11E-05;4.42E-04
TRINITY_DN2683_c0_g1_i32;-3.82E-01;3.9931;7.30E-04;4.04E-03
TRINITY_DN2683_c0_g2_i4;-5.51E-01;2.8087;7.82E-03;3.09E-02
TRINITY_DN26957_c0_g1_i3;-8.24E-01;3.5502;3.06E-05;2.37E-04
TRINITY_DN2696_c0_g1_i20;-1.00E+00;4.7116;9.22E-13;4.17E-11
TRINITY_DN26985_c0_g1_i12;1.58E+00;5.2962;1.73E-08;2.90E-07
TRINITY_DN270_c1_g2_i2;3.01E+00;5.891;9.28E-08;1.36E-06
TRINITY_DN27130_c0_g1_i5;6.36E-01;4.7196;4.69E-10;1.11E-08
TRINITY_DN2719_c0_g1_i9;-1.34E+00;2.8624;6.11E-05;4.42E-04
TRINITY_DN2729_c0_g1_i7;9.29E-01;3.4255;6.11E-05;4.42E-04
TRINITY_DN2729_c0_g2_i2;8.76E-01;4.4955;4.69E-10;1.11E-08
TRINITY_DN2734_c0_g1_i19;2.46E+00;2.6849;7.65E-06;6.88E-05
TRINITY_DN2735_c0_g1_i9;-3.06E-01;4.0573;7.30E-04;4.04E-03
TRINITY_DN2741_c0_g1_i8;1.39E+00;6.0272;2.61E-03;1.21E-02
TRINITY_DN2743_c0_g1_i5;-1.57E+00;3.9072;1.39E-06;1.54E-05
TRINITY_DN2747_c0_g1_i13;-6.76E-01;4.0978;9.57E-07;1.06E-05
TRINITY_DN2751_c0_g1_i12;1.04E+00;5.4833;2.77E-03;1.28E-02
TRINITY_DN2751_c0_g1_i14;1.28E+00;3.9231;1.50E-08;2.53E-07
TRINITY_DN2751_c0_g1_i18;1.41E+00;5.2054;2.21E-03;1.04E-02
TRINITY_DN2751_c0_g1_i9;9.88E-01;3.8679;4.79E-07;5.73E-06
TRINITY_DN2754_c0_g1_i2;-2.81E-01;4.0615;7.55E-03;3.09E-02
TRINITY_DN2757_c0_g1_i71;8.88E-01;2.9713;1.95E-03;9.27E-03
TRINITY_DN2768_c0_g1_i4;2.14E+00;3.031;9.57E-07;1.06E-05
TRINITY_DN2777_c0_g1_i4;-1.32E+00;5.2592;3.14E-04;1.91E-03
TRINITY_DN2780_c1_g2_i13;1.18E+00;4.5616;9.22E-13;4.17E-11
TRINITY_DN2800_c0_g1_i7;1.27E+00;3.6439;2.08E-06;2.16E-05
TRINITY_DN2802_c0_g1_i27;1.05E+00;3.5473;7.65E-06;6.88E-05
TRINITY_DN2805_c0_g1_i19;1.62E+00;1.9965;7.82E-03;3.09E-02
TRINITY_DN28059_c0_g1_i11;1.10E+00;2.3002;7.82E-03;3.09E-02
TRINITY_DN2814_c0_g1_i6;1.48E+00;2.3367;1.95E-03;9.27E-03
TRINITY_DN282_c0_g1_i4;1.03E+00;5.1277;1.14E-16;1.42E-14
TRINITY_DN283_c0_g1_i23;-1.68E+00;3.3708;5.99E-08;8.84E-07
TRINITY_DN284_c0_g2_i3;-8.48E-01;2.9569;9.77E-04;5.06E-03
TRINITY_DN2847_c1_g1_i7;-1.66E+00;3.667;9.38E-10;2.07E-08
TRINITY_DN2849_c0_g1_i1;1.55E+00;2.7155;2.44E-04;1.51E-03
TRINITY_DN2861_c0_g1_i6;1.31E+00;2.2994;7.82E-03;3.09E-02
TRINITY_DN2865_c0_g2_i12;-9.86E+00;3.0549;7.36E-12;2.69E-10
TRINITY_DN2871_c1_g1_i4;-1.49E+00;5.1673;6.53E-09;1.25E-07
TRINITY_DN2871_c2_g1_i2;-8.30E-01;3.743;3.83E-06;3.70E-05
TRINITY_DN2871_c2_g3_i8;-1.95E+00;6.7757;3.97E-04;2.39E-03
TRINITY_DN28906_c0_g2_i1;2.59E+00;3.4663;1.17E-10;3.18E-09
TRINITY_DN2895_c0_g1_i6;8.25E-01;4.645;3.99E-04;2.40E-03
TRINITY_DN2907_c0_g1_i4;-5.04E-01;4.0929;1.18E-02;4.52E-02
TRINITY_DN2935_c1_g2_i1;-6.48E-01;3.6307;4.19E-03;1.80E-02
TRINITY_DN2935_c1_g2_i2;-2.12E+00;4.6349;8.82E-22;3.68E-19
TRINITY_DN2935_c1_g2_i4;-2.44E+00;5.1802;1.31E-11;4.72E-10
TRINITY_DN2935_c1_g2_i5;-2.43E+00;4.3101;8.94E-19;1.89E-16
TRINITY_DN2939_c0_g1_i13;8.94E-01;3.6391;7.65E-06;6.88E-05
TRINITY_DN2943_c0_g1_i15;-3.75E-01;4.498;2.60E-03;1.21E-02
TRINITY_DN2947_c0_g1_i33;-4.38E+00;5.9384;2.22E-07;3.02E-06
TRINITY_DN29474_c0_g1_i7;-8.49E-01;5.2743;1.46E-05;1.28E-04
TRINITY_DN2954_c0_g1_i12;-3.49E-01;5.0797;6.65E-05;4.77E-04
TRINITY_DN2955_c0_g1_i1;7.38E-01;4.6027;1.55E-08;2.60E-07
TRINITY_DN2963_c0_g2_i18;9.69E-01;3.6433;7.65E-06;6.88E-05
TRINITY_DN2968_c0_g1_i95;-2.15E+00;4.0503;5.02E-07;6.01E-06
TRINITY_DN2971_c0_g1_i1;-6.42E-01;3.2008;1.95E-03;9.27E-03
TRINITY_DN2971_c1_g2_i1;-8.02E-01;4.1548;1.56E-06;1.71E-05
TRINITY_DN2976_c0_g1_i7;-4.59E-01;4.7116;2.75E-05;2.26E-04
TRINITY_DN2979_c0_g1_i13;-5.06E-01;3.5389;2.44E-04;1.51E-03
TRINITY_DN2981_c0_g1_i31;-1.45E+00;4.8499;3.57E-18;6.40E-16
TRINITY_DN2983_c0_g1_i32;-9.05E-01;3.8288;9.57E-07;1.06E-05
TRINITY_DN2988_c0_g1_i13;-1.73E+00;3.6969;1.88E-09;3.87E-08
TRINITY_DN299_c0_g1_i28;-1.67E+00;3.0062;7.65E-06;6.88E-05
TRINITY_DN299_c0_g1_i4;1.07E+00;3.14;2.44E-04;1.51E-03
TRINITY_DN29916_c0_g1_i46;-6.27E-01;3.9266;7.30E-04;4.04E-03
TRINITY_DN3_c0_g2_i7;-7.69E-01;4.5818;2.35E-10;5.97E-09
TRINITY_DN3003_c2_g1_i12;-1.10E+00;5.0386;3.22E-03;1.49E-02
TRINITY_DN3019_c0_g1_i2;-2.13E+00;3.8616;9.22E-13;4.17E-11
TRINITY_DN30248_c0_g1_i11;9.48E-01;5.1246;2.07E-06;2.15E-05
TRINITY_DN3027_c0_g1_i21;1.59E+00;5.0086;8.78E-08;1.29E-06
TRINITY_DN3027_c0_g1_i24;6.96E-01;3.3455;3.42E-03;1.57E-02
TRINITY_DN3037_c0_g1_i9;-7.88E-01;4.9618;2.31E-13;1.22E-11
TRINITY_DN3040_c0_g2_i8;-2.27E+00;2.8108;1.91E-06;1.99E-05
TRINITY_DN3047_c0_g1_i12;-7.82E-01;3.9437;1.91E-06;1.99E-05
TRINITY_DN30624_c0_g1_i4;-2.60E+00;5.0859;5.42E-04;3.02E-03
TRINITY_DN30624_c0_g1_i5;-9.71E-01;4.9133;2.89E-14;1.90E-12
TRINITY_DN3081_c0_g1_i3;1.08E+00;3.313;6.11E-05;4.42E-04
TRINITY_DN3082_c0_g1_i25;-8.15E-01;2.6831;7.82E-03;3.09E-02
TRINITY_DN3085_c0_g1_i16;-1.68E+00;2.8205;3.06E-05;2.37E-04
TRINITY_DN3085_c0_g1_i30;-1.12E+00;4.4046;2.94E-11;9.17E-10
TRINITY_DN3093_c0_g2_i5;-5.60E+00;3.4815;1.81E-15;1.60E-13
TRINITY_DN3095_c0_g1_i2;-1.19E+00;3.3323;1.53E-05;1.28E-04
TRINITY_DN3097_c0_g1_i2;-9.56E-01;5.2492;8.03E-12;2.94E-10
TRINITY_DN3098_c3_g1_i5;-9.90E-01;3.1189;1.22E-04;8.17E-04
TRINITY_DN31067_c0_g1_i3;8.64E+00;1.9526;6.31E-05;4.56E-04
TRINITY_DN3119_c0_g1_i9;-1.53E+00;5.1213;1.11E-22;6.19E-20
TRINITY_DN3122_c0_g1_i27;-9.10E-01;4.4317;4.69E-10;1.11E-08
TRINITY_DN3138_c0_g2_i18;1.96E+00;6.7135;7.34E-04;4.06E-03
TRINITY_DN3140_c0_g1_i7;-1.84E+00;2.4927;1.22E-04;8.17E-04
TRINITY_DN3146_c0_g1_i17;-4.51E-01;4.448;2.32E-03;1.09E-02
TRINITY_DN3149_c0_g1_i8;1.00E+00;3.9446;2.39E-07;3.07E-06
TRINITY_DN3230_c0_g1_i3;-1.23E+00;3.9207;1.50E-08;2.53E-07
TRINITY_DN3237_c0_g1_i2;-3.56E-01;4.4539;8.57E-04;4.71E-03
TRINITY_DN325_c0_g3_i2;3.29E+00;4.0611;1.79E-18;3.51E-16
TRINITY_DN3272_c0_g1_i9;-9.58E+00;2.7753;1.88E-09;3.87E-08
TRINITY_DN3274_c0_g2_i2;1.14E+00;4.3416;1.17E-10;3.18E-09
TRINITY_DN3296_c2_g1_i3;2.27E+00;4.5587;2.81E-20;8.29E-18
TRINITY_DN330_c0_g1_i12;-1.59E+00;3.0461;7.65E-06;6.88E-05
TRINITY_DN330_c0_g1_i36;-1.68E+00;4.156;4.61E-13;2.25E-11
TRINITY_DN3301_c0_g1_i10;4.42E-01;3.9894;5.20E-04;2.91E-03
TRINITY_DN3301_c0_g1_i7;-2.72E+00;2.9795;3.00E-08;4.73E-07
TRINITY_DN3310_c0_g1_i24;-2.43E+00;2.6352;3.83E-06;3.70E-05
TRINITY_DN3343_c2_g1_i2;-7.50E-01;3.7484;7.65E-05;5.46E-04
TRINITY_DN3354_c1_g1_i2;-2.52E+00;2.369;6.11E-05;4.42E-04
TRINITY_DN3365_c0_g3_i5;2.36E-01;5.1557;9.06E-03;3.52E-02
TRINITY_DN3377_c0_g1_i13;-2.91E-01;4.2688;4.43E-03;1.89E-02
TRINITY_DN34_c0_g1_i16;-1.63E+00;3.7917;4.69E-10;1.11E-08
TRINITY_DN34_c0_g1_i21;-4.47E-01;3.9946;5.20E-04;2.91E-03
TRINITY_DN340_c0_g1_i5;8.23E-01;3.3522;9.78E-04;5.06E-03
TRINITY_DN3406_c0_g1_i20;-7.30E-01;2.7716;7.82E-03;3.09E-02
TRINITY_DN3429_c0_g1_i17;-1.79E+00;3.5406;2.27E-05;1.87E-04
TRINITY_DN34362_c0_g1_i1;-1.05E+00;3.1466;1.22E-04;8.17E-04
TRINITY_DN34762_c0_g2_i18;-3.71E-01;4.6906;9.15E-04;5.01E-03
TRINITY_DN348_c1_g1_i3;-3.91E+00;3.4054;9.22E-13;4.17E-11
TRINITY_DN3488_c0_g1_i25;-4.42E-01;3.874;9.78E-04;5.06E-03
TRINITY_DN35_c0_g1_i1;2.00E+00;3.7567;1.17E-10;3.18E-09
TRINITY_DN3500_c0_g1_i29;-9.67E+00;2.7623;4.69E-10;1.11E-08
TRINITY_DN3507_c0_g1_i3;-1.01E+01;3.0964;2.31E-13;1.22E-11
TRINITY_DN3511_c0_g1_i8;-1.84E+00;3.7766;5.88E-11;1.72E-09
TRINITY_DN3512_c0_g1_i13;4.60E-01;3.508;6.35E-03;2.67E-02
TRINITY_DN35142_c0_g1_i4;-5.24E-01;3.8304;2.35E-03;1.10E-02
TRINITY_DN3524_c0_g1_i3;-2.37E+00;3.0245;1.20E-07;1.66E-06
TRINITY_DN3524_c0_g1_i5;-3.19E+00;3.9648;2.85E-17;4.12E-15
TRINITY_DN3555_c0_g1_i1;1.65E+00;7.1897;3.46E-03;1.58E-02
TRINITY_DN3574_c0_g2_i3;4.08E-01;4.6189;1.57E-04;1.03E-03
TRINITY_DN3578_c0_g1_i3;-1.29E+00;4.5936;5.78E-14;3.50E-12
TRINITY_DN3579_c0_g1_i2;5.16E-01;3.8429;6.11E-05;4.42E-04
TRINITY_DN3580_c0_g1_i17;9.61E-01;3.8929;9.57E-07;1.06E-05
TRINITY_DN3593_c0_g1_i4;3.29E+00;3.2622;1.17E-10;3.18E-09
TRINITY_DN3593_c0_g3_i1;1.65E+00;4.5294;4.54E-16;4.77E-14
TRINITY_DN3600_c0_g1_i9;-4.14E+00;3.2798;9.22E-13;4.17E-11
TRINITY_DN3604_c0_g1_i2;-3.13E+00;2.0945;6.11E-05;4.42E-04
TRINITY_DN3604_c2_g1_i5;-1.61E+00;3.303;4.79E-07;5.73E-06
TRINITY_DN3612_c0_g1_i36;1.09E+00;4.0316;3.00E-08;4.73E-07
TRINITY_DN3621_c0_g1_i10;-7.30E-01;3.6925;3.06E-05;2.37E-04
TRINITY_DN3628_c0_g2_i3;-1.06E+00;2.7504;9.77E-04;5.06E-03
TRINITY_DN3634_c1_g1_i2;-1.79E+00;3.3998;1.86E-04;1.22E-03
TRINITY_DN3635_c0_g1_i39;2.60E+00;2.6539;1.19E-02;4.56E-02
TRINITY_DN3635_c0_g1_i50;3.17E+00;3.6558;2.31E-13;1.22E-11
TRINITY_DN3635_c0_g1_i57;3.04E+00;1.9396;9.95E-04;5.14E-03
TRINITY_DN3639_c0_g1_i8;-1.48E+00;3.9356;4.69E-10;1.11E-08
TRINITY_DN3651_c0_g1_i26;-9.35E-01;3.5381;1.53E-05;1.28E-04
TRINITY_DN3661_c0_g1_i48;-7.76E-01;4.8793;3.87E-11;1.20E-09
TRINITY_DN3663_c0_g1_i7;1.34E+00;5.7264;3.14E-03;1.45E-02
TRINITY_DN3681_c0_g2_i33;1.55E+00;3.9141;9.38E-10;2.07E-08
TRINITY_DN3697_c0_g1_i8;-7.07E-01;5.1021;1.15E-13;6.59E-12
TRINITY_DN370_c0_g2_i4;-8.96E-01;3.2765;1.22E-04;8.17E-04
TRINITY_DN3729_c0_g1_i9;8.74E-01;3.7713;4.79E-07;5.73E-06
TRINITY_DN373_c1_g1_i14;-1.31E+00;4.1546;1.17E-10;3.18E-09
TRINITY_DN3733_c0_g1_i24;-1.47E+00;4.1186;1.47E-11;4.97E-10
TRINITY_DN375_c0_g1_i4;1.83E+00;6.4686;3.18E-04;1.93E-03
TRINITY_DN375_c0_g1_i5;1.81E+00;6.7035;7.56E-04;4.18E-03
TRINITY_DN375_c0_g1_i6;1.19E+00;4.3122;1.17E-10;3.18E-09
TRINITY_DN375_c0_g2_i1;1.39E+00;4.3835;9.22E-13;4.17E-11
TRINITY_DN376_c0_g1_i20;9.10E-01;4.5566;5.88E-11;1.72E-09
TRINITY_DN376_c0_g3_i5;8.19E-01;5.0273;1.15E-13;6.59E-12
TRINITY_DN37647_c0_g1_i1;1.71E+00;3.879;2.35E-10;5.97E-09
TRINITY_DN37664_c0_g1_i14;1.34E+00;4.2278;5.88E-11;1.72E-09
TRINITY_DN3775_c0_g1_i12;1.00E+00;4.8692;5.78E-14;3.50E-12
TRINITY_DN37794_c0_g1_i3;1.93E+00;2.5588;1.22E-04;8.17E-04
TRINITY_DN3780_c1_g2_i13;8.53E+00;1.6985;4.14E-03;1.79E-02
TRINITY_DN3780_c1_g2_i3;7.40E-01;4.8292;2.94E-11;9.17E-10
TRINITY_DN3788_c0_g1_i5;1.29E+00;3.5801;4.79E-07;5.73E-06
TRINITY_DN379_c0_g1_i8;-1.29E+00;2.4796;1.95E-03;9.27E-03
TRINITY_DN38_c0_g1_i5;3.49E+00;4.1122;1.12E-19;2.90E-17
TRINITY_DN3809_c0_g1_i5;1.70E+00;3.9302;1.17E-10;3.18E-09
TRINITY_DN3819_c0_g2_i19;-1.40E+00;4.0553;1.17E-10;3.18E-09
TRINITY_DN3829_c0_g1_i19;-1.20E+00;4.3041;2.94E-11;9.17E-10
TRINITY_DN3830_c0_g1_i13;4.51E-01;3.1982;2.44E-04;1.51E-03
TRINITY_DN3837_c0_g1_i1;-2.63E+00;5.36;9.76E-11;2.82E-09
TRINITY_DN3841_c0_g1_i6;6.97E-01;4.5723;3.75E-09;7.23E-08
TRINITY_DN38491_c0_g2_i4;2.70E+00;3.5799;5.88E-11;1.72E-09
TRINITY_DN3860_c0_g1_i13;1.08E+00;4.6786;1.86E-07;2.55E-06
TRINITY_DN388_c2_g1_i1;-4.74E-01;4.4131;5.74E-06;5.49E-05
TRINITY_DN3902_c0_g1_i10;-2.31E+00;4.9201;8.27E-13;4.00E-11
TRINITY_DN3902_c0_g1_i17;-2.14E+00;4.7521;2.46E-10;6.25E-09
TRINITY_DN3902_c0_g1_i19;-1.78E+00;4.7521;1.40E-20;4.56E-18
TRINITY_DN3902_c0_g1_i3;-1.44E+00;4.3937;2.31E-13;1.22E-11
TRINITY_DN3902_c0_g2_i6;-7.28E-01;3.9822;9.57E-07;1.06E-05
TRINITY_DN392_c0_g1_i4;-1.47E+00;2.8063;1.22E-04;8.17E-04
TRINITY_DN3927_c0_g1_i13;-1.50E+00;3.8385;3.75E-09;7.23E-08
TRINITY_DN3931_c0_g1_i4;-7.67E-01;4.5255;1.88E-09;3.87E-08
TRINITY_DN3935_c0_g1_i9;1.60E+00;3.6584;3.00E-08;4.73E-07
TRINITY_DN3937_c0_g1_i35;-1.52E+00;5.3587;8.78E-07;1.04E-05
TRINITY_DN3937_c0_g1_i6;-8.51E-01;3.973;4.79E-07;5.73E-06
TRINITY_DN39601_c0_g1_i4;-2.76E+00;2.6849;9.57E-07;1.06E-05
TRINITY_DN3964_c0_g1_i2;-5.23E+00;6.1084;5.70E-10;1.34E-08
TRINITY_DN3964_c0_g1_i3;-1.62E+00;4.9529;1.17E-02;4.49E-02
TRINITY_DN3980_c1_g1_i16;-4.13E-01;5.196;2.45E-06;2.53E-05
TRINITY_DN3994_c1_g1_i20;-2.14E+00;3.0622;1.20E-07;1.66E-06
TRINITY_DN3996_c0_g1_i11;8.05E-01;4.3697;1.50E-08;2.53E-07
TRINITY_DN4000_c0_g1_i2;-2.14E+00;5.7448;5.15E-06;4.96E-05
TRINITY_DN4000_c0_g1_i4;-4.62E+00;6.5543;2.60E-09;5.32E-08
TRINITY_DN4000_c0_g1_i5;-3.48E+00;3.4696;5.78E-14;3.50E-12
TRINITY_DN4004_c0_g1_i4;1.36E+00;5.2561;3.45E-11;1.07E-09
TRINITY_DN4004_c0_g2_i1;1.28E+00;5.9945;3.65E-03;1.67E-02
TRINITY_DN4005_c0_g1_i3;-1.47E+00;3.9827;4.69E-10;1.11E-08
TRINITY_DN402_c0_g1_i2;-1.47E+00;4.0152;2.35E-10;5.97E-09
TRINITY_DN4020_c0_g1_i5;1.13E+00;3.7143;9.57E-07;1.06E-05
TRINITY_DN4022_c0_g2_i8;2.60E+00;3.9053;2.89E-14;1.90E-12
TRINITY_DN4026_c0_g1_i41;-4.02E-01;4.7376;8.14E-03;3.19E-02
TRINITY_DN40293_c0_g2_i6;1.03E+00;3.7671;9.57E-07;1.06E-05
TRINITY_DN403_c2_g2_i4;-1.01E+00;3.6339;3.83E-06;3.70E-05
TRINITY_DN4039_c0_g1_i8;5.78E-01;4.1531;4.02E-05;3.08E-04
TRINITY_DN406_c0_g1_i1;7.86E-01;3.9548;2.39E-07;3.07E-06
TRINITY_DN406_c0_g1_i3;1.05E+00;4.4612;5.88E-11;1.72E-09
TRINITY_DN4080_c0_g1_i10;-6.36E+00;3.4591;4.54E-16;4.77E-14
TRINITY_DN4080_c0_g1_i6;9.22E+00;2.3059;4.79E-07;5.73E-06
TRINITY_DN4088_c0_g2_i1;-7.51E-01;4.196;5.99E-08;8.84E-07
TRINITY_DN4089_c0_g1_i3;9.80E-01;5.3589;1.73E-04;1.14E-03
TRINITY_DN40977_c0_g1_i3;-3.28E+00;3.6876;3.62E-15;2.98E-13
TRINITY_DN410_c0_g1_i9;-9.53E-01;2.17;7.82E-03;3.09E-02
TRINITY_DN4108_c0_g1_i13;-1.06E+00;3.0519;2.44E-04;1.51E-03
TRINITY_DN41213_c0_g1_i14;6.12E-01;3.1317;3.91E-03;1.70E-02
TRINITY_DN4126_c0_g1_i9;-1.12E+00;3.6975;4.79E-07;5.73E-06
TRINITY_DN4127_c0_g1_i21;-1.52E+00;6.223;1.94E-03;9.27E-03
TRINITY_DN4161_c0_g1_i43;-2.91E+00;3.8629;4.54E-16;4.77E-14
TRINITY_DN41692_c0_g2_i1;3.84E+00;2.4188;3.83E-06;3.70E-05
TRINITY_DN4194_c0_g1_i14;-1.90E+00;3.3264;5.99E-08;8.84E-07
TRINITY_DN4194_c0_g1_i7;-5.57E-01;4.8978;1.09E-06;1.21E-05
TRINITY_DN4196_c2_g1_i5;1.42E+00;3.1866;7.65E-06;6.88E-05
TRINITY_DN4201_c0_g2_i1;8.07E-01;3.492;1.22E-04;8.17E-04
TRINITY_DN4201_c0_g2_i2;9.11E-01;4.8683;4.61E-13;2.25E-11
TRINITY_DN4203_c0_g1_i10;-1.60E+00;4.5952;1.14E-16;1.42E-14
TRINITY_DN4205_c0_g1_i1;5.12E+00;2.7569;7.50E-09;1.36E-07
TRINITY_DN4205_c0_g1_i4;-9.78E-01;5.5704;1.13E-02;4.35E-02
TRINITY_DN4205_c0_g1_i7;-1.80E+00;6.0774;8.99E-05;6.39E-04
TRINITY_DN4212_c0_g1_i9;-2.12E+00;3.8752;1.84E-12;7.75E-11
TRINITY_DN4221_c0_g1_i20;4.04E-01;4.9035;8.80E-04;4.83E-03
TRINITY_DN42222_c0_g1_i5;-5.10E-01;3.8637;1.31E-03;6.68E-03
TRINITY_DN4233_c0_g1_i11;-2.38E+00;3.6431;7.36E-12;2.69E-10
TRINITY_DN4234_c0_g1_i5;-1.37E+00;6.439;6.58E-03;2.76E-02
TRINITY_DN4254_c0_g1_i21;-1.12E+00;4.1304;1.88E-09;3.87E-08
TRINITY_DN4256_c0_g1_i6;1.80E+00;3.1792;9.57E-07;1.06E-05
TRINITY_DN4259_c0_g1_i2;-3.31E+00;6.437;8.66E-08;1.27E-06
TRINITY_DN427_c0_g1_i14;-1.41E+00;4.4653;5.78E-14;3.50E-12
TRINITY_DN4278_c0_g1_i2;-5.52E-01;4.1708;2.10E-05;1.73E-04
TRINITY_DN4285_c1_g1_i1;9.87E-01;3.5637;2.10E-05;1.73E-04
TRINITY_DN4290_c0_g1_i17;-7.18E-01;3.8772;7.65E-06;6.88E-05
TRINITY_DN4322_c0_g1_i13;-1.77E+00;3.2584;2.39E-07;3.07E-06
TRINITY_DN43276_c0_g1_i10;9.80E-01;3.2127;1.22E-04;8.17E-04
TRINITY_DN43276_c0_g1_i9;1.56E+00;4.5479;3.62E-15;2.98E-13
TRINITY_DN4333_c0_g1_i2;-6.33E-01;4.0002;3.83E-06;3.70E-05
TRINITY_DN43396_c0_g1_i11;8.08E-01;3.0103;9.77E-04;5.06E-03
TRINITY_DN4350_c0_g1_i9;-6.84E-01;4.2014;2.39E-07;3.07E-06
TRINITY_DN4354_c0_g1_i3;2.57E+00;3.5901;2.94E-11;9.17E-10
TRINITY_DN4357_c0_g1_i11;1.30E+00;2.7404;9.77E-04;5.06E-03
TRINITY_DN4357_c0_g1_i2;2.32E+00;4.1677;1.81E-15;1.60E-13
TRINITY_DN436_c0_g3_i1;2.14E+00;3.2954;3.00E-08;4.73E-07
TRINITY_DN4377_c0_g1_i12;1.05E+00;3.9529;1.20E-07;1.66E-06
TRINITY_DN4382_c0_g1_i4;1.47E+00;3.9345;9.38E-10;2.07E-08
TRINITY_DN4414_c0_g2_i2;-7.90E-01;3.5737;3.83E-06;3.70E-05
TRINITY_DN4417_c0_g1_i10;1.44E+00;5.1951;2.41E-05;1.98E-04
TRINITY_DN4419_c0_g1_i16;-4.53E+00;2.407;3.22E-03;1.49E-02
TRINITY_DN4419_c0_g1_i19;-2.10E+00;2.9119;1.91E-06;1.99E-05
TRINITY_DN4419_c0_g1_i29;-1.13E+00;4.5436;1.84E-12;7.75E-11
TRINITY_DN4419_c0_g1_i6;-2.33E+00;2.7099;3.83E-06;3.70E-05
TRINITY_DN4419_c0_g1_i8;-2.20E+00;4.1763;9.07E-16;8.76E-14
TRINITY_DN4428_c0_g1_i13;8.17E-01;3.9323;1.91E-06;1.99E-05
TRINITY_DN4443_c0_g1_i12;8.82E-01;3.1846;2.44E-04;1.51E-03
TRINITY_DN4443_c0_g1_i13;1.62E+00;2.2406;1.95E-03;9.27E-03
TRINITY_DN4448_c0_g1_i9;8.23E-01;3.7934;1.06E-02;4.11E-02
TRINITY_DN4462_c0_g1_i1;-4.20E-01;3.9853;5.20E-04;2.91E-03
TRINITY_DN4462_c0_g1_i11;-1.10E+00;3.1705;6.11E-05;4.42E-04
TRINITY_DN4462_c0_g1_i5;-6.09E-01;4.1424;1.10E-05;9.74E-05
TRINITY_DN4462_c0_g1_i8;-1.33E+00;3.2637;3.83E-06;3.70E-05
TRINITY_DN4463_c0_g1_i2;1.78E+00;3.4283;1.20E-07;1.66E-06
TRINITY_DN4466_c0_g4_i1;2.34E+00;6.6125;2.71E-05;2.22E-04
TRINITY_DN4478_c0_g1_i19;-7.31E-01;3.6173;1.45E-04;9.61E-04
TRINITY_DN4480_c0_g1_i2;-2.28E+00;4.8715;7.18E-12;2.69E-10
TRINITY_DN4481_c0_g1_i5;-5.58E-01;3.0585;3.91E-03;1.70E-02
TRINITY_DN4483_c0_g1_i10;-1.56E+00;5.1402;3.33E-12;1.39E-10
TRINITY_DN4483_c0_g1_i14;-2.49E+00;4.136;2.85E-17;4.12E-15
TRINITY_DN449_c0_g1_i81;-7.25E-01;3.72;7.65E-06;6.88E-05
TRINITY_DN4495_c0_g1_i4;-1.06E+00;3.0493;2.44E-04;1.51E-03
TRINITY_DN45003_c0_g3_i1;-3.49E-01;4.5621;6.62E-03;2.78E-02
TRINITY_DN4514_c0_g1_i4;-1.50E+00;2.5275;4.89E-04;2.78E-03
TRINITY_DN4523_c0_g1_i35;-1.46E+00;3.6905;7.50E-09;1.36E-07
TRINITY_DN4565_c0_g1_i9;9.43E-01;4.666;3.68E-12;1.44E-10
TRINITY_DN4566_c0_g1_i3;-7.73E-01;3.2394;4.89E-04;2.78E-03
TRINITY_DN4579_c0_g1_i1;6.51E-01;4.5737;7.50E-09;1.36E-07
TRINITY_DN458_c0_g1_i12;-1.29E+00;3.927;3.75E-09;7.23E-08
TRINITY_DN4580_c0_g1_i1;-1.26E+00;4.3477;1.47E-11;4.97E-10
TRINITY_DN4586_c0_g1_i49;-6.44E-01;3.7073;7.65E-05;5.46E-04
TRINITY_DN4596_c0_g1_i5;9.34E-01;4.2047;1.50E-08;2.53E-07
TRINITY_DN4596_c0_g1_i9;3.05E+00;3.9048;9.07E-16;8.76E-14
TRINITY_DN4601_c0_g1_i2;-1.06E+00;4.268;9.38E-10;2.07E-08
TRINITY_DN4601_c0_g1_i5;-1.16E+00;3.3563;1.53E-05;1.28E-04
TRINITY_DN4601_c0_g1_i8;-1.65E+00;4.8509;1.40E-20;4.56E-18
TRINITY_DN4612_c0_g1_i4;-1.13E+00;3.0403;1.22E-04;8.17E-04
TRINITY_DN4616_c0_g1_i31;1.08E+00;2.9535;4.89E-04;2.78E-03
TRINITY_DN4616_c1_g2_i2;-3.73E-01;3.8245;1.29E-02;4.91E-02
TRINITY_DN4621_c0_g1_i12;3.62E+00;2.4362;3.83E-06;3.70E-05
TRINITY_DN4642_c0_g1_i9;8.44E-01;3.1064;9.77E-04;5.06E-03
TRINITY_DN4648_c0_g1_i48;7.30E-01;4.0647;9.57E-07;1.06E-05
TRINITY_DN46664_c0_g1_i1;-1.84E+00;3.9139;7.36E-12;2.69E-10
TRINITY_DN4672_c0_g1_i8;-1.88E+00;4.0141;9.22E-13;4.17E-11
TRINITY_DN4673_c0_g1_i7;-1.43E+00;3.7021;1.50E-08;2.53E-07
TRINITY_DN4677_c0_g1_i2;2.22E+00;3.4874;1.88E-09;3.87E-08
TRINITY_DN4679_c0_g1_i12;-6.18E-01;4.0667;3.83E-06;3.70E-05
TRINITY_DN4692_c0_g1_i2;1.89E+00;3.4789;1.50E-08;2.53E-07
TRINITY_DN4706_c0_g1_i4;9.96E+00;2.9279;5.88E-11;1.72E-09
TRINITY_DN4709_c0_g1_i12;1.16E+00;4.616;4.61E-13;2.25E-11
TRINITY_DN47376_c0_g1_i4;2.05E+00;3.1139;4.79E-07;5.73E-06
TRINITY_DN4738_c0_g2_i6;2.39E+00;3.4847;2.35E-10;5.97E-09
TRINITY_DN4758_c0_g1_i11;2.02E+00;5.0941;2.17E-13;1.22E-11
TRINITY_DN4763_c0_g1_i10;1.21E+00;5.0506;1.42E-17;2.21E-15
TRINITY_DN4763_c0_g1_i13;1.44E+00;5.3507;1.83E-07;2.52E-06
TRINITY_DN4766_c0_g1_i10;-6.05E-01;4.2019;9.57E-07;1.06E-05
TRINITY_DN4788_c0_g1_i12;-1.19E+00;2.825;4.89E-04;2.78E-03
TRINITY_DN4807_c0_g1_i32;1.76E+00;2.2056;1.95E-03;9.27E-03
TRINITY_DN4810_c0_g1_i1;-7.20E-01;3.8833;3.83E-06;3.70E-05
TRINITY_DN4811_c0_g1_i13;4.50E-01;4.7103;1.81E-04;1.19E-03
TRINITY_DN4819_c0_g1_i12;2.55E+00;3.428;2.65E-05;2.18E-04
TRINITY_DN4826_c0_g1_i8;1.20E+00;5.0668;1.03E-15;9.99E-14
TRINITY_DN4828_c0_g1_i2;2.28E+00;5.7836;1.48E-06;1.63E-05
TRINITY_DN4843_c0_g1_i117;-6.31E+00;2.2474;1.91E-06;1.99E-05
TRINITY_DN486_c0_g1_i8;-3.93E-01;3.8466;9.78E-04;5.06E-03
TRINITY_DN4872_c0_g1_i9;-4.09E-01;4.3197;1.21E-04;8.17E-04
TRINITY_DN48735_c0_g1_i3;1.58E+00;3.868;1.88E-09;3.87E-08
TRINITY_DN488_c0_g1_i13;-5.03E-01;4.2562;9.13E-04;5.00E-03
TRINITY_DN4889_c0_g1_i2;5.15E-01;4.2225;4.02E-05;3.08E-04
TRINITY_DN4898_c0_g1_i4;-2.85E+00;3.5489;2.31E-13;1.22E-11
TRINITY_DN4907_c0_g1_i23;-1.20E+00;3.6435;4.79E-07;5.73E-06
TRINITY_DN4914_c0_g1_i6;-1.62E+00;4.8634;8.69E-10;2.03E-08
TRINITY_DN4924_c0_g2_i1;8.45E-01;3.9758;4.79E-07;5.73E-06
TRINITY_DN4929_c0_g1_i11;1.78E+00;3.258;4.79E-07;5.73E-06
TRINITY_DN4929_c0_g1_i18;1.45E+00;3.4949;2.39E-07;3.07E-06
TRINITY_DN4945_c0_g1_i6;-9.88E-01;3.4057;7.55E-03;3.09E-02
TRINITY_DN4946_c0_g1_i6;-1.59E+00;8.2623;6.85E-03;2.87E-02
TRINITY_DN4946_c0_g1_i8;-3.24E+00;7.4928;2.88E-06;2.97E-05
TRINITY_DN49468_c0_g1_i2;-9.20E+00;2.264;4.79E-07;5.73E-06
TRINITY_DN4948_c0_g1_i19;-1.27E+00;2.8802;2.44E-04;1.51E-03
TRINITY_DN4976_c0_g1_i3;-8.83E-01;4.4769;4.69E-10;1.11E-08
TRINITY_DN4976_c0_g1_i6;9.97E-01;4.0506;7.50E-09;1.36E-07
TRINITY_DN4989_c0_g1_i4;-1.00E+00;3.5257;7.65E-06;6.88E-05
TRINITY_DN4990_c0_g1_i11;-1.84E+00;4.1666;2.89E-14;1.90E-12
TRINITY_DN4996_c0_g1_i4;-1.37E+00;4.1646;2.94E-11;9.17E-10
TRINITY_DN5024_c0_g1_i4;1.52E+00;5.331;2.18E-04;1.42E-03
TRINITY_DN5026_c0_g2_i3;-4.96E-01;3.9082;3.06E-05;2.37E-04
TRINITY_DN5030_c0_g1_i5;1.66E+00;2.7584;1.22E-04;8.17E-04
TRINITY_DN5037_c0_g1_i1;-2.45E+00;5.1777;3.91E-07;4.97E-06
TRINITY_DN50521_c0_g1_i7;-1.12E+00;4.091;3.75E-09;7.23E-08
TRINITY_DN5060_c0_g1_i13;7.22E-01;3.1274;9.77E-04;5.06E-03
TRINITY_DN5060_c0_g1_i18;-7.45E-01;3.0469;1.95E-03;9.27E-03
TRINITY_DN5064_c0_g1_i13;-3.11E+00;2.3187;1.53E-05;1.28E-04
TRINITY_DN5083_c1_g1_i15;-9.48E-01;3.2913;1.22E-04;8.17E-04
TRINITY_DN5084_c0_g1_i5;-4.84E+00;6.1425;4.83E-09;9.28E-08
TRINITY_DN5092_c0_g1_i11;-7.33E-01;4.084;9.57E-07;1.06E-05
TRINITY_DN5094_c0_g1_i10;1.47E+00;4.9656;6.65E-09;1.27E-07
TRINITY_DN5094_c0_g1_i6;4.86E-01;4.7733;1.53E-05;1.28E-04
TRINITY_DN511_c0_g4_i2;-2.71E+00;2.8404;4.79E-07;5.73E-06
TRINITY_DN5114_c0_g1_i6;-1.02E+00;3.593;1.91E-06;1.99E-05
TRINITY_DN5116_c0_g1_i24;-1.49E+00;3.8595;1.88E-09;3.87E-08
TRINITY_DN5120_c0_g1_i1;1.23E+00;3.4975;3.83E-06;3.70E-05
TRINITY_DN5134_c0_g2_i1;-1.35E+00;4.0278;4.69E-10;1.11E-08
TRINITY_DN51402_c0_g2_i20;-9.09E-01;5.2671;1.43E-04;9.48E-04
TRINITY_DN5142_c0_g1_i15;2.75E+00;3.1665;7.50E-09;1.36E-07
TRINITY_DN5160_c0_g1_i44;2.03E+00;3.7051;1.17E-10;3.18E-09
TRINITY_DN51654_c1_g1_i1;6.70E-01;4.4627;1.50E-08;2.53E-07
TRINITY_DN5171_c0_g1_i4;1.20E+00;2.867;4.89E-04;2.78E-03
TRINITY_DN5178_c0_g1_i6;-8.72E-01;4.0905;1.20E-07;1.66E-06
TRINITY_DN518_c0_g1_i9;-1.08E+00;3.8468;2.39E-07;3.07E-06
TRINITY_DN5202_c0_g1_i26;8.50E-01;3.9764;9.57E-07;1.06E-05
TRINITY_DN52180_c0_g1_i6;6.28E-01;3.9615;1.45E-04;9.61E-04
TRINITY_DN5223_c0_g1_i1;5.97E-01;3.7866;5.20E-04;2.91E-03
TRINITY_DN5223_c0_g1_i4;9.06E-01;4.1418;5.99E-08;8.84E-07
TRINITY_DN5242_c0_g1_i38;-1.07E+00;3.5837;3.83E-06;3.70E-05
TRINITY_DN5242_c0_g1_i7;1.12E+00;5.1911;1.03E-14;7.93E-13
TRINITY_DN5250_c1_g1_i1;-1.99E+00;3.8486;3.68E-12;1.44E-10
TRINITY_DN5260_c0_g1_i6;-3.70E+00;4.1167;7.03E-21;2.46E-18
TRINITY_DN5263_c0_g1_i32;2.53E+00;4.0421;9.07E-16;8.76E-14
TRINITY_DN52653_c0_g1_i1;1.01E+00;3.5994;3.83E-06;3.70E-05
TRINITY_DN5287_c0_g1_i23;-1.07E+00;3.8467;1.20E-07;1.66E-06
TRINITY_DN5293_c0_g1_i1;-1.10E+00;3.7459;4.79E-07;5.73E-06
TRINITY_DN5293_c0_g1_i2;-1.43E+00;4.1024;2.94E-11;9.17E-10
TRINITY_DN5298_c1_g2_i1;2.22E+00;2.3161;2.44E-04;1.51E-03
TRINITY_DN53_c0_g1_i4;6.57E+00;4.7966;5.30E-09;1.02E-07
TRINITY_DN5313_c0_g1_i2;-5.99E-01;3.9861;7.30E-04;4.04E-03
TRINITY_DN5322_c0_g1_i14;-7.37E-01;3.9922;1.91E-06;1.99E-05
TRINITY_DN5332_c0_g1_i1;1.53E+00;6.269;1.19E-03;6.08E-03
TRINITY_DN5332_c0_g1_i3;-1.45E+00;3.4285;9.57E-07;1.06E-05
TRINITY_DN5332_c2_g1_i1;1.51E+00;4.9194;4.47E-19;1.01E-16
TRINITY_DN5332_c2_g1_i5;1.51E+00;4.9194;4.47E-19;1.01E-16
TRINITY_DN5332_c2_g2_i1;1.30E+00;4.955;1.42E-17;2.21E-15
TRINITY_DN5349_c0_g1_i12;-5.30E+00;4.3098;2.16E-28;5.64E-25
TRINITY_DN5353_c0_g1_i2;-1.73E+00;4.7671;1.12E-07;1.64E-06
TRINITY_DN5361_c0_g1_i13;1.73E+00;4.4448;1.84E-03;9.19E-03
TRINITY_DN5368_c0_g1_i1;-1.03E+00;5.3812;7.95E-04;4.39E-03
TRINITY_DN5387_c0_g2_i1;-4.08E-01;4.5447;2.78E-04;1.69E-03
TRINITY_DN5408_c0_g1_i4;6.16E-01;3.5307;2.44E-04;1.51E-03
TRINITY_DN5427_c0_g1_i1;6.04E-01;4.5803;1.50E-08;2.53E-07
TRINITY_DN543_c0_g1_i41;-1.26E+00;3.6102;2.39E-07;3.07E-06
TRINITY_DN5442_c0_g1_i17;9.91E-01;4.6936;3.68E-12;1.44E-10
TRINITY_DN545_c0_g1_i15;-3.75E+00;2.0957;3.06E-05;2.37E-04
TRINITY_DN5454_c0_g1_i10;1.15E+00;3.7297;9.57E-07;1.06E-05
TRINITY_DN5485_c0_g1_i8;1.00E+00;2.9721;2.44E-04;1.51E-03
TRINITY_DN549_c0_g1_i8;-2.53E-01;4.7632;8.14E-03;3.19E-02
TRINITY_DN5494_c0_g1_i4;4.21E-01;4.6546;5.35E-04;2.99E-03
TRINITY_DN5500_c0_g1_i11;4.86E-01;4.5585;1.95E-05;1.61E-04
TRINITY_DN5509_c0_g1_i20;6.44E-01;5.2188;1.63E-11;5.48E-10
TRINITY_DN5516_c0_g1_i12;6.61E-01;3.5006;2.44E-04;1.51E-03
TRINITY_DN5537_c0_g1_i5;1.23E+01;5.3541;4.06E-11;1.26E-09
TRINITY_DN5539_c0_g2_i6;-8.30E-01;3.8478;3.83E-06;3.70E-05
TRINITY_DN5542_c0_g1_i18;-6.67E-01;4.4228;1.50E-08;2.53E-07
TRINITY_DN5546_c0_g3_i4;1.05E+00;3.7149;1.91E-06;1.99E-05
TRINITY_DN5565_c0_g1_i19;1.09E+00;3.5162;7.65E-06;6.88E-05
TRINITY_DN55658_c0_g1_i4;9.30E-01;4.4467;4.69E-10;1.11E-08
TRINITY_DN5567_c0_g1_i2;7.88E-01;3.1728;9.77E-04;5.06E-03
TRINITY_DN5573_c1_g1_i9;2.89E+00;3.2285;4.69E-10;1.11E-08
TRINITY_DN5589_c0_g1_i2;9.82E-01;4.9119;2.89E-14;1.90E-12
TRINITY_DN5591_c0_g2_i1;2.64E+00;5.1269;4.95E-11;1.53E-09
TRINITY_DN5596_c0_g2_i2;1.29E+00;2.3934;7.82E-03;3.09E-02
TRINITY_DN5604_c0_g1_i14;-1.02E+00;3.6338;3.83E-06;3.70E-05
TRINITY_DN5606_c0_g1_i1;-2.03E+00;2.5218;6.11E-05;4.42E-04
TRINITY_DN5616_c0_g1_i18;-9.84E+00;2.8235;5.88E-11;1.72E-09
TRINITY_DN5617_c0_g1_i9;-1.70E+00;3.7941;9.38E-10;2.07E-08
TRINITY_DN5642_c1_g1_i24;-2.11E+00;5.3705;3.20E-09;6.53E-08
TRINITY_DN5655_c0_g1_i1;-2.16E+00;4.5918;3.52E-21;1.30E-18
TRINITY_DN5673_c0_g1_i4;1.83E+00;3.3807;1.20E-07;1.66E-06
TRINITY_DN5674_c0_g1_i6;-1.63E+00;3.2145;9.57E-07;1.06E-05
TRINITY_DN5686_c0_g1_i6;2.70E+00;4.9486;2.87E-15;2.52E-13
TRINITY_DN5686_c0_g1_i8;2.23E+00;6.5645;4.37E-05;3.35E-04
TRINITY_DN5693_c0_g1_i28;1.20E+00;4.7674;1.45E-14;1.04E-12
TRINITY_DN5693_c0_g3_i1;1.41E+00;5.341;9.57E-05;6.80E-04
TRINITY_DN5695_c0_g1_i10;8.58E-01;4.5158;4.69E-10;1.11E-08
TRINITY_DN5696_c0_g1_i11;-2.55E+00;5.0498;7.17E-11;2.09E-09
TRINITY_DN57058_c0_g1_i2;2.23E+00;2.8525;3.83E-06;3.70E-05
TRINITY_DN5709_c0_g1_i4;-1.39E+00;4.8093;2.85E-17;4.12E-15
TRINITY_DN5719_c0_g1_i3;1.72E+00;3.0259;7.65E-06;6.88E-05
TRINITY_DN5730_c0_g2_i6;3.85E-01;3.8377;2.35E-03;1.10E-02
TRINITY_DN5740_c0_g2_i5;-8.22E-01;3.3474;1.22E-04;8.17E-04
TRINITY_DN5744_c0_g2_i1;1.46E+00;4.8379;2.85E-17;4.12E-15
TRINITY_DN5750_c1_g1_i8;-1.46E+00;2.5225;9.77E-04;5.06E-03
TRINITY_DN5764_c0_g1_i12;-1.03E+00;3.8567;1.20E-07;1.66E-06
TRINITY_DN5768_c0_g1_i6;-5.02E-01;4.3622;1.10E-05;9.74E-05
TRINITY_DN5769_c0_g1_i2;-1.98E+00;5.0507;1.44E-05;1.27E-04
TRINITY_DN5781_c0_g1_i6;2.00E+00;4.2078;1.45E-14;1.04E-12
TRINITY_DN5794_c0_g1_i23;-3.44E+00;2.7135;3.00E-08;4.73E-07
TRINITY_DN5795_c0_g1_i8;-2.69E+00;2.0087;4.89E-04;2.78E-03
TRINITY_DN5803_c0_g1_i20;2.46E+00;2.3033;1.22E-04;8.17E-04
TRINITY_DN5809_c0_g1_i3;-1.38E+00;3.3659;1.91E-06;1.99E-05
TRINITY_DN5829_c0_g1_i12;-1.25E+01;5.5907;9.12E-12;3.31E-10
TRINITY_DN5846_c0_g1_i10;-1.40E+00;5.6346;2.21E-04;1.44E-03
TRINITY_DN586_c0_g2_i1;2.20E+00;4.7017;1.76E-21;6.90E-19
TRINITY_DN5862_c0_g2_i2;-1.76E+00;3.1275;9.57E-07;1.06E-05
TRINITY_DN5867_c0_g1_i7;-5.21E-01;3.9352;5.20E-04;2.91E-03
TRINITY_DN5871_c1_g1_i15;-1.37E+00;3.6813;5.99E-08;8.84E-07
TRINITY_DN5908_c0_g1_i4;1.34E+00;4.2304;5.88E-11;1.72E-09
TRINITY_DN5908_c0_g2_i1;1.73E+00;4.369;1.45E-14;1.04E-12
TRINITY_DN5925_c0_g1_i1;8.52E-01;4.0383;4.79E-07;5.73E-06
TRINITY_DN594_c0_g1_i3;-2.10E+00;3.9782;5.78E-14;3.50E-12
TRINITY_DN5947_c0_g1_i1;-5.00E-01;4.6864;2.17E-07;2.97E-06
TRINITY_DN5949_c0_g1_i12;2.18E+00;3.8355;2.94E-11;9.17E-10
TRINITY_DN5987_c0_g1_i4;-8.44E-01;3.6466;1.53E-05;1.28E-04
TRINITY_DN60_c0_g1_i7;1.01E+00;3.9001;2.39E-07;3.07E-06
TRINITY_DN6026_c0_g1_i9;-9.66E-01;3.8638;4.79E-07;5.73E-06
TRINITY_DN6029_c0_g1_i8;-2.37E+00;3.5184;1.17E-10;3.18E-09
TRINITY_DN6034_c0_g2_i5;8.76E-01;4.7088;1.47E-11;4.97E-10
TRINITY_DN6039_c0_g1_i1;-2.76E-01;5.0921;3.25E-04;1.97E-03
TRINITY_DN6092_c0_g1_i5;-3.07E+00;3.092;9.38E-10;2.07E-08
TRINITY_DN6123_c0_g1_i10;6.11E-01;4.7799;2.35E-10;5.97E-09
TRINITY_DN6126_c0_g1_i2;-3.49E-01;4.3437;2.60E-03;1.21E-02
TRINITY_DN6201_c1_g1_i90;1.29E+00;3.796;5.99E-08;8.84E-07
TRINITY_DN621_c1_g1_i6;-1.49E+00;4.461;7.24E-15;5.59E-13
TRINITY_DN6229_c0_g2_i1;5.64E-01;4.1697;2.22E-04;1.44E-03
TRINITY_DN62479_c0_g2_i1;5.92E-01;4.0746;7.65E-05;5.46E-04
TRINITY_DN6267_c0_g1_i7;1.29E+00;3.0058;1.22E-04;8.17E-04
TRINITY_DN6276_c0_g3_i10;-1.21E+00;2.7808;9.77E-04;5.06E-03
TRINITY_DN6276_c0_g3_i18;-1.11E+00;3.1442;1.22E-04;8.17E-04
TRINITY_DN6279_c0_g1_i1;-5.48E-01;3.5602;1.29E-02;4.91E-02
TRINITY_DN6293_c0_g1_i21;-1.59E+00;4.0463;2.94E-11;9.17E-10
TRINITY_DN6298_c0_g3_i1;-3.18E-01;4.4178;2.22E-04;1.44E-03
TRINITY_DN6307_c0_g1_i17;-4.67E-01;4.3224;3.12E-04;1.89E-03
TRINITY_DN6308_c2_g1_i16;-8.93E-01;4.7839;1.84E-12;7.75E-11
TRINITY_DN631_c0_g1_i16;-4.77E+00;2.2058;3.83E-06;3.70E-05
TRINITY_DN632_c0_g1_i11;4.48E+00;3.2983;3.68E-12;1.44E-10
TRINITY_DN6323_c0_g1_i21;-8.68E+00;1.8597;1.29E-04;8.61E-04
TRINITY_DN6337_c0_g2_i1;1.22E+00;3.1915;3.06E-05;2.37E-04
TRINITY_DN6365_c0_g1_i23;-1.31E+00;4.5097;1.15E-13;6.59E-12
TRINITY_DN6376_c0_g1_i18;-8.64E-01;4.1554;5.99E-08;8.84E-07
TRINITY_DN638_c0_g1_i8;-2.14E+00;2.6847;1.53E-05;1.28E-04
TRINITY_DN63884_c0_g1_i3;9.70E-01;4.5513;5.88E-11;1.72E-09
TRINITY_DN6389_c0_g3_i3;8.61E-01;2.4719;7.82E-03;3.09E-02
TRINITY_DN6391_c0_g1_i2;-1.27E+00;3.2803;1.53E-05;1.28E-04
TRINITY_DN6394_c0_g2_i6;5.03E-01;3.4643;6.35E-03;2.67E-02
TRINITY_DN6394_c0_g2_i9;5.05E-01;3.9849;3.06E-05;2.37E-04
TRINITY_DN6409_c0_g1_i17;-1.15E+00;3.4872;1.91E-06;1.99E-05
TRINITY_DN641_c0_g1_i1;7.62E-01;4.4322;3.75E-09;7.23E-08
TRINITY_DN6418_c0_g1_i10;-4.95E-01;4.7333;1.12E-07;1.64E-06
TRINITY_DN6443_c0_g1_i1;-2.01E+00;5.5595;4.74E-05;3.63E-04
TRINITY_DN6445_c0_g1_i11;1.09E+00;4.7804;1.15E-13;6.59E-12
TRINITY_DN6446_c1_g1_i4;-6.95E-01;4.5022;9.38E-10;2.07E-08
TRINITY_DN6446_c1_g1_i5;-7.63E+00;2.7372;3.75E-09;7.23E-08
TRINITY_DN64548_c0_g1_i6;-1.40E+00;3.943;9.38E-10;2.07E-08
TRINITY_DN647_c2_g1_i6;-3.14E+00;1.7378;4.12E-03;1.78E-02
TRINITY_DN647_c2_g1_i8;9.98E+00;3.0229;2.94E-11;9.17E-10
TRINITY_DN6473_c0_g1_i2;-1.24E+00;4.5499;2.31E-13;1.22E-11
TRINITY_DN6478_c0_g1_i10;-1.17E+00;5.8979;6.79E-03;2.85E-02
TRINITY_DN6490_c1_g1_i1;-1.48E+00;5.2437;2.06E-13;1.16E-11
TRINITY_DN6495_c1_g1_i1;1.80E+00;5.5031;8.44E-06;7.57E-05
TRINITY_DN6495_c1_g1_i12;2.08E+00;5.9704;1.67E-05;1.39E-04
TRINITY_DN6498_c0_g2_i1;1.11E+00;2.5584;3.91E-03;1.70E-02
TRINITY_DN6506_c0_g1_i5;-8.35E-01;5.2003;3.40E-04;2.05E-03
TRINITY_DN6507_c0_g1_i2;-5.91E-01;4.3766;1.20E-07;1.66E-06
TRINITY_DN6508_c0_g1_i4;-1.22E+00;4.1849;4.69E-10;1.11E-08
TRINITY_DN6518_c0_g1_i4;-2.10E+00;4.3971;9.91E-03;3.84E-02
TRINITY_DN6521_c0_g1_i2;9.72E-01;5.0952;9.07E-16;8.76E-14
TRINITY_DN6541_c0_g1_i15;-4.89E-01;3.9876;4.43E-03;1.89E-02
TRINITY_DN6548_c0_g1_i16;2.36E+00;5.2442;6.91E-10;1.62E-08
TRINITY_DN6548_c0_g1_i8;2.30E+00;5.9651;5.88E-06;5.62E-05
TRINITY_DN6564_c0_g1_i4;-2.31E+00;4.9208;1.09E-15;1.05E-13
TRINITY_DN659_c0_g1_i22;-5.97E+00;5.1832;2.57E-10;6.51E-09
TRINITY_DN6597_c0_g2_i2;7.30E-01;4.83;2.94E-11;9.17E-10
TRINITY_DN6603_c0_g1_i2;-6.02E-01;2.9725;3.91E-03;1.70E-02
TRINITY_DN6604_c0_g1_i7;-1.57E+00;2.3445;1.95E-03;9.27E-03
TRINITY_DN6611_c0_g1_i6;9.56E-01;4.9528;3.62E-05;2.79E-04
TRINITY_DN6628_c0_g2_i15;-6.96E-01;3.3642;2.44E-04;1.51E-03
TRINITY_DN6629_c0_g1_i15;4.34E-01;4.5451;1.57E-04;1.03E-03
TRINITY_DN6633_c0_g1_i37;7.98E-01;5.3416;1.09E-04;7.70E-04
TRINITY_DN6639_c0_g2_i12;-5.39E-01;4.2669;4.89E-04;2.78E-03
TRINITY_DN6640_c0_g1_i1;1.55E+00;2.6704;4.89E-04;2.78E-03
TRINITY_DN6640_c0_g3_i1;1.58E+00;2.0922;3.91E-03;1.70E-02
TRINITY_DN6640_c0_g3_i3;1.58E+00;2.0922;3.91E-03;1.70E-02
TRINITY_DN6686_c0_g1_i7;5.13E+00;4.103;2.21E-22;1.14E-19
TRINITY_DN6699_c0_g1_i22;2.52E+00;2.3544;3.06E-05;2.37E-04
TRINITY_DN6722_c0_g1_i3;-9.92E-01;4.006;5.99E-08;8.84E-07
TRINITY_DN6730_c0_g1_i20;-9.93E-01;4.074;3.00E-08;4.73E-07
TRINITY_DN674_c0_g1_i26;1.23E+00;5.291;1.68E-07;2.31E-06
TRINITY_DN6745_c0_g1_i12;-2.78E+00;4.2709;2.51E-07;3.21E-06
TRINITY_DN6759_c0_g1_i6;2.07E+00;5.3569;7.88E-08;1.16E-06
TRINITY_DN678_c1_g1_i12;-7.30E-01;4.8109;1.47E-11;4.97E-10
TRINITY_DN682_c0_g1_i3;-3.10E+00;3.8071;9.07E-16;8.76E-14
TRINITY_DN6834_c0_g1_i1;1.54E+00;5.1705;7.91E-13;3.82E-11
TRINITY_DN6843_c0_g1_i15;1.51E+00;4.3932;2.31E-13;1.22E-11
TRINITY_DN6847_c0_g1_i19;-5.81E-01;4.1156;4.79E-07;5.73E-06
TRINITY_DN6848_c0_g1_i1;-5.73E-01;3.8541;3.06E-05;2.37E-04
TRINITY_DN6862_c0_g1_i20;-1.29E+00;3.7963;3.00E-08;4.73E-07
TRINITY_DN6866_c0_g1_i2;-1.89E+00;4.083;4.61E-13;2.25E-11
TRINITY_DN6873_c0_g2_i3;3.16E+00;2.8972;3.00E-08;4.73E-07
TRINITY_DN6873_c0_g2_i4;4.24E+00;2.982;9.38E-10;2.07E-08
TRINITY_DN6883_c0_g1_i32;2.59E+00;3.6238;7.36E-12;2.69E-10
TRINITY_DN6886_c1_g1_i2;1.31E+00;4.964;1.42E-17;2.21E-15
TRINITY_DN6889_c0_g1_i5;8.57E-01;3.5021;6.11E-05;4.42E-04
TRINITY_DN6897_c0_g1_i1;1.74E+00;2.9704;1.53E-05;1.28E-04
TRINITY_DN6897_c1_g3_i9;-1.01E+00;3.9158;1.20E-07;1.66E-06
TRINITY_DN6898_c0_g1_i2;-1.27E+00;4.2248;5.88E-11;1.72E-09
TRINITY_DN6946_c0_g1_i19;-1.81E+00;3.7826;1.17E-10;3.18E-09
TRINITY_DN696_c0_g1_i20;-2.47E+00;3.3841;9.38E-10;2.07E-08
TRINITY_DN6968_c0_g1_i14;-9.90E-01;3.4984;1.53E-05;1.28E-04
TRINITY_DN700_c0_g3_i4;9.34E-01;4.6644;1.47E-11;4.97E-10
TRINITY_DN7000_c0_g1_i16;2.23E+00;4.7777;4.34E-09;8.35E-08
TRINITY_DN7002_c0_g1_i15;9.59E-01;3.9074;8.52E-06;7.63E-05
TRINITY_DN7018_c0_g1_i37;-5.20E+00;4.0501;6.95E-24;5.20E-21
TRINITY_DN7023_c0_g1_i13;1.93E+00;3.7104;2.35E-10;5.97E-09
TRINITY_DN7032_c0_g1_i5;-9.37E+00;2.5119;3.00E-08;4.73E-07
TRINITY_DN7036_c0_g1_i19;-6.58E-01;3.732;1.53E-05;1.28E-04
TRINITY_DN7039_c0_g1_i13;-1.19E+00;4.944;1.14E-16;1.42E-14
TRINITY_DN7045_c0_g2_i3;-1.06E+00;3.2742;6.11E-05;4.42E-04
TRINITY_DN7049_c0_g1_i18;-1.89E+00;2.1262;9.77E-04;5.06E-03
TRINITY_DN707_c0_g1_i3;1.99E+00;2.9392;3.83E-06;3.70E-05
TRINITY_DN7078_c0_g1_i5;-1.86E+00;3.4226;7.50E-09;1.36E-07
TRINITY_DN7082_c0_g1_i13;-1.32E+00;3.8699;7.50E-09;1.36E-07
TRINITY_DN7107_c0_g1_i1;-1.74E+00;4.8836;3.35E-05;2.60E-04
TRINITY_DN712_c0_g1_i29;-5.70E-01;3.4847;4.89E-04;2.78E-03
TRINITY_DN7126_c1_g1_i17;1.30E+00;4.5014;9.22E-13;4.17E-11
TRINITY_DN7129_c0_g2_i3;-2.59E+00;3.8621;3.62E-15;2.98E-13
TRINITY_DN7140_c0_g1_i3;6.29E-01;4.7383;9.38E-10;2.07E-08
TRINITY_DN7144_c0_g1_i9;-5.93E-01;3.8976;7.65E-06;6.88E-05
TRINITY_DN7151_c0_g2_i3;-1.57E+00;3.9737;5.88E-11;1.72E-09
TRINITY_DN7152_c1_g1_i7;-1.59E+00;4.8579;1.12E-19;2.90E-17
TRINITY_DN7179_c1_g1_i3;-6.84E-01;4.1774;2.39E-07;3.07E-06
TRINITY_DN7182_c0_g1_i28;-2.04E+00;5.371;1.08E-06;1.20E-05
TRINITY_DN7182_c0_g1_i85;-1.55E+00;5.1537;3.36E-13;1.77E-11
TRINITY_DN7193_c0_g1_i2;-2.21E+00;4.1435;1.81E-15;1.60E-13
TRINITY_DN7193_c0_g1_i35;-1.98E+00;4.7703;2.01E-12;8.46E-11
TRINITY_DN721_c0_g1_i27;9.65E-01;3.4689;3.06E-05;2.37E-04
TRINITY_DN7213_c0_g1_i6;-3.40E+00;1.9684;1.25E-04;8.35E-04
TRINITY_DN723_c0_g2_i1;8.01E-01;4.7862;5.71E-03;2.42E-02
TRINITY_DN7238_c0_g1_i10;-2.76E+00;5.8436;1.16E-07;1.66E-06
TRINITY_DN7244_c0_g1_i14;5.79E-01;4.3921;2.39E-07;3.07E-06
TRINITY_DN7244_c0_g1_i8;-1.41E+00;4.1438;2.94E-11;9.17E-10
TRINITY_DN7244_c1_g1_i3;-1.69E+00;4.0507;7.36E-12;2.69E-10
TRINITY_DN7260_c0_g1_i3;7.60E-01;3.8884;7.65E-06;6.88E-05
TRINITY_DN7269_c0_g1_i2;-1.55E+00;3.3509;4.79E-07;5.73E-06
TRINITY_DN7276_c0_g1_i5;1.01E+00;4.3214;1.58E-05;1.31E-04
TRINITY_DN7276_c0_g1_i8;8.69E-01;4.8813;4.61E-13;2.25E-11
TRINITY_DN7277_c0_g1_i8;2.93E+00;3.9914;1.14E-16;1.42E-14
TRINITY_DN7306_c1_g1_i1;1.65E+00;3.4365;2.39E-07;3.07E-06
TRINITY_DN7314_c0_g1_i2;-3.13E-01;4.7107;2.50E-03;1.16E-02
TRINITY_DN7336_c0_g1_i1;-2.16E+00;3.537;5.88E-11;1.72E-09
TRINITY_DN7336_c0_g1_i7;-2.00E+00;4.5727;4.47E-19;1.01E-16
TRINITY_DN7336_c0_g2_i14;-2.62E+00;5.1129;8.76E-12;3.19E-10
TRINITY_DN7336_c0_g2_i15;-2.20E+00;5.9181;2.05E-05;1.70E-04
TRINITY_DN7336_c0_g2_i2;-2.22E+00;5.6486;1.70E-07;2.33E-06
TRINITY_DN7336_c0_g2_i7;-2.29E+00;5.5625;4.18E-08;6.54E-07
TRINITY_DN7340_c1_g2_i11;2.70E+00;3.196;9.38E-10;2.07E-08
TRINITY_DN7341_c0_g1_i2;-2.03E+00;4.4614;1.79E-18;3.51E-16
TRINITY_DN7341_c0_g2_i3;5.36E-01;4.3503;6.62E-05;4.76E-04
TRINITY_DN7379_c0_g1_i3;9.68E-01;3.7545;1.91E-06;1.99E-05
TRINITY_DN738_c0_g1_i13;2.42E+00;4.3519;2.34E-09;4.80E-08
TRINITY_DN7386_c0_g1_i10;8.61E-01;4.1299;1.20E-07;1.66E-06
TRINITY_DN7396_c0_g1_i22;4.08E-01;4.1276;7.55E-03;3.09E-02
TRINITY_DN7403_c0_g1_i1;-1.20E+00;3.2052;3.06E-05;2.37E-04
TRINITY_DN7413_c0_g2_i3;-1.28E+00;2.9373;1.22E-04;8.17E-04
TRINITY_DN7418_c0_g1_i2;-2.45E+00;4.5451;1.11E-22;6.19E-20
TRINITY_DN7449_c0_g1_i6;4.40E-01;3.6334;3.42E-03;1.57E-02
TRINITY_DN7464_c0_g1_i17;5.67E-01;4.9385;2.11E-09;4.35E-08
TRINITY_DN7465_c0_g1_i15;-4.48E-01;4.7809;1.93E-04;1.26E-03
TRINITY_DN7482_c0_g1_i2;-5.22E-01;4.8262;3.00E-08;4.73E-07
TRINITY_DN7486_c0_g2_i3;1.30E+00;4.5889;5.78E-14;3.50E-12
TRINITY_DN751_c0_g1_i1;6.55E-01;4.1009;2.22E-04;1.44E-03
TRINITY_DN7515_c0_g1_i4;2.11E+00;2.6197;6.11E-05;4.42E-04
TRINITY_DN7536_c0_g1_i6;8.16E-01;2.7854;3.91E-03;1.70E-02
TRINITY_DN7594_c0_g1_i17;-6.17E-01;3.8419;3.06E-05;2.37E-04
TRINITY_DN7603_c0_g2_i2;1.16E+00;3.0355;2.44E-04;1.51E-03
TRINITY_DN762_c0_g1_i4;-1.14E+00;4.6236;4.61E-13;2.25E-11
TRINITY_DN7626_c1_g1_i30;-8.29E-01;3.1281;9.77E-04;5.06E-03
TRINITY_DN763_c0_g1_i9;-5.56E-01;3.6079;5.20E-04;2.91E-03
TRINITY_DN7647_c0_g1_i1;7.65E-01;2.7266;7.82E-03;3.09E-02
TRINITY_DN7662_c0_g1_i2;2.24E+00;5.6553;3.43E-06;3.50E-05
TRINITY_DN7662_c0_g1_i3;2.13E+00;4.2339;1.81E-15;1.60E-13
TRINITY_DN7678_c0_g1_i19;-1.52E+00;3.8416;1.88E-09;3.87E-08
TRINITY_DN7687_c0_g1_i32;2.46E+00;3.5702;5.88E-11;1.72E-09
TRINITY_DN7687_c0_g1_i8;1.38E+00;3.289;7.65E-06;6.88E-05
TRINITY_DN7700_c0_g1_i1;2.60E+00;4.0152;3.62E-15;2.98E-13
TRINITY_DN7717_c0_g1_i15;1.04E+00;4.2181;3.75E-09;7.23E-08
TRINITY_DN7717_c0_g1_i4;1.46E+00;4.3979;2.31E-13;1.22E-11
TRINITY_DN7730_c0_g1_i1;-3.93E-01;3.3889;1.17E-02;4.49E-02
TRINITY_DN7741_c0_g1_i15;-1.55E+00;4.2412;4.61E-13;2.25E-11
TRINITY_DN7744_c0_g2_i5;9.56E-01;3.9501;4.79E-07;5.73E-06
TRINITY_DN775_c0_g1_i1;-2.36E+00;2.8569;9.57E-07;1.06E-05
TRINITY_DN775_c0_g2_i2;-3.02E+00;3.2733;1.17E-10;3.18E-09
TRINITY_DN776_c0_g2_i1;1.01E+00;5.2191;3.61E-10;9.10E-09
TRINITY_DN7776_c0_g1_i1;-1.44E+00;5.0693;7.03E-21;2.46E-18
TRINITY_DN7795_c0_g1_i10;-9.64E-01;4.1876;3.75E-09;7.23E-08
TRINITY_DN7798_c0_g1_i26;-6.75E-01;4.202;2.39E-07;3.07E-06
TRINITY_DN7801_c1_g1_i3;-1.29E+00;5.0927;9.12E-05;6.49E-04
TRINITY_DN7812_c0_g1_i3;1.69E+00;3.9828;5.88E-11;1.72E-09
TRINITY_DN7817_c0_g1_i1;6.47E-01;5.0024;3.68E-12;1.44E-10
TRINITY_DN7822_c0_g3_i5;1.15E+00;4.6267;4.61E-13;2.25E-11
TRINITY_DN783_c0_g1_i1;2.20E+00;4.0167;2.31E-13;1.22E-11
TRINITY_DN783_c0_g1_i7;3.99E-01;3.66;3.42E-03;1.57E-02
TRINITY_DN783_c0_g2_i10;1.26E+00;5.4049;7.39E-05;5.30E-04
TRINITY_DN783_c0_g2_i3;2.05E+00;5.6813;1.03E-06;1.14E-05
TRINITY_DN7832_c0_g1_i11;9.16E-01;3.7266;3.83E-06;3.70E-05
TRINITY_DN785_c0_g1_i45;3.65E-01;4.0169;5.20E-04;2.91E-03
TRINITY_DN785_c0_g1_i48;-4.54E-01;3.1001;7.82E-03;3.09E-02
TRINITY_DN785_c0_g1_i7;-1.51E+00;3.9273;4.69E-10;1.11E-08
TRINITY_DN7854_c0_g1_i15;-3.06E-01;4.177;4.43E-03;1.89E-02
TRINITY_DN7855_c0_g1_i7;1.03E+00;4.3285;9.38E-10;2.07E-08
TRINITY_DN7865_c0_g1_i9;-1.58E+00;2.5657;4.89E-04;2.78E-03
TRINITY_DN7871_c1_g2_i2;-2.11E+00;2.5947;3.06E-05;2.37E-04
TRINITY_DN7891_c0_g1_i13;1.43E+00;2.6818;4.89E-04;2.78E-03
TRINITY_DN7891_c0_g1_i20;5.96E-01;3.8469;2.75E-04;1.68E-03
TRINITY_DN7891_c0_g1_i8;2.72E+00;3.2567;3.75E-09;7.23E-08
TRINITY_DN7918_c0_g1_i27;1.19E+00;4.66;2.31E-13;1.22E-11
TRINITY_DN7938_c0_g2_i1;-1.89E+00;3.1321;4.79E-07;5.73E-06
TRINITY_DN794_c0_g3_i1;-6.63E-01;5.327;3.47E-05;2.68E-04
TRINITY_DN7981_c1_g1_i1;-1.17E+00;4.9909;2.85E-17;4.12E-15
TRINITY_DN7981_c1_g1_i5;-1.49E+00;6.1877;1.17E-03;5.98E-03
TRINITY_DN7981_c1_g1_i7;-1.28E+00;5.6303;1.66E-04;1.10E-03
TRINITY_DN8009_c1_g1_i2;1.37E+00;5.6545;3.38E-03;1.56E-02
TRINITY_DN8009_c1_g1_i7;-1.62E+00;2.1064;3.91E-03;1.70E-02
TRINITY_DN802_c0_g1_i1;-4.77E-01;3.5493;9.78E-04;5.06E-03
TRINITY_DN8041_c0_g1_i8;-1.44E+00;3.0732;1.53E-05;1.28E-04
TRINITY_DN8076_c0_g1_i2;3.52E+00;2.6746;2.39E-07;3.07E-06
TRINITY_DN8089_c0_g1_i20;6.82E-01;3.4825;2.44E-04;1.51E-03
TRINITY_DN81_c0_g1_i23;-1.12E+00;3.5131;4.02E-05;3.08E-04
TRINITY_DN81_c0_g1_i39;-2.35E+00;3.7025;9.22E-13;4.17E-11
TRINITY_DN8110_c0_g1_i6;9.16E-01;3.9542;2.39E-07;3.07E-06
TRINITY_DN815_c1_g1_i1;-1.51E+00;4.7764;7.13E-18;1.18E-15
TRINITY_DN8156_c0_g1_i1;5.50E-01;5.0349;2.87E-09;5.87E-08
TRINITY_DN8161_c0_g1_i1;-1.47E+00;2.5722;4.89E-04;2.78E-03
TRINITY_DN8177_c0_g1_i6;-5.60E-01;3.3521;1.17E-02;4.49E-02
TRINITY_DN8195_c0_g1_i24;1.23E+00;3.8493;5.99E-08;8.84E-07
TRINITY_DN8196_c0_g1_i2;-1.77E+00;2.5296;2.44E-04;1.51E-03
TRINITY_DN82_c0_g1_i5;-9.54E-01;5.2353;1.92E-08;3.22E-07
TRINITY_DN820_c0_g1_i24;-1.02E+01;3.2771;2.89E-14;1.90E-12
TRINITY_DN8211_c0_g1_i1;-4.76E+00;2.2575;9.57E-07;1.06E-05
TRINITY_DN8214_c0_g1_i7;8.81E+00;1.9844;3.06E-05;2.37E-04
TRINITY_DN8215_c0_g1_i4;1.30E+00;4.506;4.61E-13;2.25E-11
TRINITY_DN8221_c0_g1_i8;-4.56E-01;4.1631;2.58E-03;1.20E-02
TRINITY_DN8229_c0_g1_i7;-2.90E+00;3.889;1.81E-15;1.60E-13
TRINITY_DN826_c0_g1_i13;-2.37E+00;4.4696;1.40E-20;4.56E-18
TRINITY_DN8296_c0_g1_i8;-3.37E-01;5.2744;6.69E-03;2.81E-02
TRINITY_DN8307_c0_g1_i14;5.89E-01;4.5951;2.17E-07;2.97E-06
TRINITY_DN8323_c0_g1_i18;-1.05E+00;3.3095;1.53E-05;1.28E-04
TRINITY_DN833_c0_g2_i6;9.61E-01;4.9496;1.45E-14;1.04E-12
TRINITY_DN8367_c0_g2_i5;1.30E+00;2.8562;2.44E-04;1.51E-03
TRINITY_DN8369_c1_g2_i3;-3.78E+00;2.5049;9.57E-07;1.06E-05
TRINITY_DN837_c0_g1_i1;2.12E+00;2.449;2.44E-04;1.51E-03
TRINITY_DN837_c0_g1_i6;2.59E+00;2.5234;1.53E-05;1.28E-04
TRINITY_DN837_c0_g1_i7;1.47E+00;3.9897;9.38E-10;2.07E-08
TRINITY_DN8370_c0_g1_i5;1.72E+00;2.4454;9.77E-04;5.06E-03
TRINITY_DN8385_c0_g2_i9;7.53E-01;3.9733;8.57E-04;4.71E-03
TRINITY_DN839_c0_g1_i18;4.12E-01;4.7514;3.05E-06;3.12E-05
TRINITY_DN8404_c0_g1_i7;2.29E+00;4.5467;4.41E-03;1.89E-02
TRINITY_DN8411_c0_g1_i8;-1.47E+00;3.5695;5.99E-08;8.84E-07
TRINITY_DN8422_c0_g2_i4;-2.21E+00;5.7187;1.16E-05;1.03E-04
TRINITY_DN8445_c0_g2_i10;-2.96E+00;9.2328;1.77E-05;1.47E-04
TRINITY_DN846_c0_g1_i3;1.95E+00;3.313;1.20E-07;1.66E-06
TRINITY_DN847_c0_g2_i22;3.45E+00;3.3598;7.36E-12;2.69E-10
TRINITY_DN8472_c0_g1_i15;4.60E-01;4.8049;5.97E-05;4.42E-04
TRINITY_DN8477_c0_g1_i7;-2.34E+00;3.5628;1.17E-10;3.18E-09
TRINITY_DN8487_c0_g2_i1;8.73E-01;3.6721;3.83E-06;3.70E-05
TRINITY_DN8498_c0_g1_i3;1.37E+00;3.7592;3.00E-08;4.73E-07
TRINITY_DN8517_c0_g1_i2;4.65E-01;2.917;7.82E-03;3.09E-02
TRINITY_DN8530_c0_g1_i6;-1.03E+00;3.3719;3.06E-05;2.37E-04
TRINITY_DN855_c0_g1_i7;-3.60E+00;3.6012;7.24E-15;5.59E-13
TRINITY_DN8607_c0_g1_i22;3.34E+00;4.9441;8.29E-05;5.91E-04
TRINITY_DN8607_c0_g1_i3;-3.80E-01;4.9613;1.10E-05;9.74E-05
TRINITY_DN8607_c0_g1_i4;-8.20E-01;4.7976;5.69E-09;1.09E-07
TRINITY_DN8623_c0_g2_i2;6.95E-01;5.281;5.52E-03;2.34E-02
TRINITY_DN866_c0_g4_i1;5.25E-01;3.9462;3.06E-05;2.37E-04
TRINITY_DN8666_c0_g2_i5;-4.81E+00;4.9125;9.38E-11;2.71E-09
TRINITY_DN8666_c0_g2_i7;-3.27E+00;4.4879;5.83E-13;2.83E-11
TRINITY_DN8666_c0_g2_i8;-3.70E+00;5.9168;1.41E-08;2.51E-07
TRINITY_DN8667_c0_g1_i13;-9.15E-01;3.0938;2.44E-04;1.51E-03
TRINITY_DN8677_c0_g1_i15;1.37E+00;3.0675;1.02E-02;3.93E-02
TRINITY_DN8683_c0_g1_i14;7.01E-01;2.9467;1.95E-03;9.27E-03
TRINITY_DN8684_c0_g1_i1;-3.48E-01;4.4214;7.21E-03;3.01E-02
TRINITY_DN8712_c0_g1_i6;1.81E+00;2.0093;3.91E-03;1.70E-02
TRINITY_DN8717_c0_g1_i27;7.83E-01;4.1492;2.39E-07;3.07E-06
TRINITY_DN8793_c0_g1_i2;-6.31E-01;4.0808;9.57E-07;1.06E-05
TRINITY_DN8793_c0_g2_i11;-1.55E+00;4.1099;7.17E-07;8.53E-06
TRINITY_DN8795_c0_g1_i15;-3.15E+00;3.0808;7.50E-09;1.36E-07
TRINITY_DN880_c0_g2_i7;3.17E-01;3.9304;1.29E-02;4.91E-02
TRINITY_DN8800_c0_g1_i13;-9.74E-01;4.7721;2.31E-13;1.22E-11
TRINITY_DN8807_c0_g2_i6;2.56E-01;4.3714;4.43E-03;1.89E-02
TRINITY_DN8821_c0_g1_i32;1.68E+00;5.2729;1.91E-04;1.25E-03
TRINITY_DN8833_c0_g1_i12;-8.22E-01;4.0429;2.39E-07;3.07E-06
TRINITY_DN8865_c0_g1_i4;-1.11E+00;2.4739;3.91E-03;1.70E-02
TRINITY_DN888_c0_g1_i18;-8.12E-01;4.963;1.15E-13;6.59E-12
TRINITY_DN888_c0_g1_i3;-1.46E+00;2.8503;6.11E-05;4.42E-04
TRINITY_DN8880_c1_g2_i1;-1.73E+00;3.7617;2.35E-10;5.97E-09
TRINITY_DN8887_c1_g1_i14;-1.37E+00;4.2452;1.47E-11;4.97E-10
TRINITY_DN8915_c0_g1_i19;-8.08E-01;5.2747;8.61E-04;4.74E-03
TRINITY_DN8915_c0_g1_i4;-1.06E+00;4.4312;2.94E-11;9.17E-10
TRINITY_DN8915_c0_g1_i6;-1.37E+00;5.6307;9.59E-05;6.81E-04
TRINITY_DN8920_c0_g2_i3;-1.75E+00;3.8269;1.17E-10;3.18E-09
TRINITY_DN8935_c0_g1_i35;-1.88E+00;3.4517;7.50E-09;1.36E-07
TRINITY_DN8936_c1_g1_i2;1.96E+00;3.1241;9.57E-07;1.06E-05
TRINITY_DN8972_c0_g1_i1;-9.17E-01;3.151;4.89E-04;2.78E-03
TRINITY_DN9_c0_g1_i19;-1.82E+00;3.5119;1.50E-08;2.53E-07
TRINITY_DN9_c0_g1_i2;-1.91E+00;4.8126;2.21E-22;1.14E-19
TRINITY_DN9010_c0_g1_i5;-9.66E+00;2.8203;4.69E-10;1.11E-08
TRINITY_DN9021_c0_g1_i7;4.31E-01;4.4493;4.89E-04;2.78E-03
TRINITY_DN9027_c0_g2_i24;-4.18E-01;5.1968;9.44E-04;5.06E-03
TRINITY_DN9029_c0_g1_i4;-1.71E+00;5.3667;3.43E-06;3.50E-05
TRINITY_DN9029_c0_g1_i8;-1.92E+00;6.9005;2.39E-04;1.51E-03
TRINITY_DN9032_c0_g1_i8;-4.95E-01;3.7295;1.83E-03;9.18E-03
TRINITY_DN9048_c0_g1_i25;1.29E+00;3.2516;3.06E-05;2.37E-04
TRINITY_DN9069_c0_g1_i10;1.01E+00;4.4264;2.35E-10;5.97E-09
TRINITY_DN9078_c0_g1_i10;9.28E-01;3.6742;7.65E-06;6.88E-05
TRINITY_DN9105_c0_g6_i1;-5.87E-01;5.1553;4.16E-10;1.04E-08
TRINITY_DN9111_c0_g1_i4;-1.96E+00;3.8544;1.84E-12;7.75E-11
TRINITY_DN912_c0_g1_i1;-1.41E+00;4.1152;5.88E-11;1.72E-09
TRINITY_DN9135_c0_g1_i17;3.41E-01;4.7667;1.52E-03;7.67E-03
TRINITY_DN9138_c0_g1_i24;7.65E-01;3.6625;1.53E-05;1.28E-04
TRINITY_DN9143_c0_g1_i2;-2.85E+00;5.2363;1.15E-11;4.17E-10
TRINITY_DN9158_c0_g3_i4;1.02E+00;3.7978;2.39E-07;3.07E-06
TRINITY_DN9181_c0_g1_i2;-1.80E+00;8.4295;2.91E-03;1.35E-02
TRINITY_DN9193_c0_g1_i14;2.90E+00;2.4307;7.65E-06;6.88E-05
TRINITY_DN9209_c0_g1_i5;-3.21E+00;2.2177;3.06E-05;2.37E-04
TRINITY_DN9212_c0_g1_i3;1.28E+00;4.349;1.47E-11;4.97E-10
TRINITY_DN9224_c0_g1_i2;-9.83E-01;4.8672;5.78E-14;3.50E-12
TRINITY_DN9234_c0_g1_i11;-1.64E+00;3.9098;1.17E-10;3.18E-09
TRINITY_DN9234_c0_g1_i9;-1.83E+00;3.0045;3.83E-06;3.70E-05
TRINITY_DN9257_c0_g1_i10;2.72E+00;6.6181;8.18E-06;7.34E-05
TRINITY_DN9257_c0_g1_i18;3.03E+00;5.729;4.37E-08;6.84E-07
TRINITY_DN9258_c0_g1_i5;5.83E-01;4.5916;3.05E-06;3.12E-05
TRINITY_DN9274_c0_g1_i18;4.33E+00;2.773;3.00E-08;4.73E-07
TRINITY_DN9282_c1_g1_i2;6.98E-01;4.2662;1.20E-07;1.66E-06
TRINITY_DN9300_c0_g1_i3;1.29E+00;2.3711;7.82E-03;3.09E-02
TRINITY_DN9305_c0_g1_i10;5.08E-01;4.4116;3.00E-08;4.73E-07
TRINITY_DN932_c0_g1_i16;-2.11E+00;3.215;5.99E-08;8.84E-07
TRINITY_DN9321_c0_g1_i2;7.47E-01;4.594;9.38E-10;2.07E-08
TRINITY_DN933_c0_g2_i10;-3.46E-01;4.0067;4.19E-03;1.80E-02
TRINITY_DN9340_c0_g1_i14;-1.21E+00;3.7864;1.20E-07;1.66E-06
TRINITY_DN9347_c0_g1_i3;-5.36E-01;4.0038;1.45E-04;9.61E-04
TRINITY_DN9350_c0_g1_i4;1.49E+00;3.9311;1.88E-09;3.87E-08
TRINITY_DN9365_c0_g1_i20;2.21E+00;3.4279;1.88E-09;3.87E-08
TRINITY_DN9365_c0_g2_i10;1.44E+00;3.6581;5.99E-08;8.84E-07
TRINITY_DN9365_c0_g2_i11;1.44E+00;3.6581;5.99E-08;8.84E-07
TRINITY_DN9371_c0_g1_i15;5.01E-01;3.8851;7.55E-03;3.09E-02
TRINITY_DN9386_c1_g1_i13;2.08E+00;4.7537;2.27E-09;4.66E-08
TRINITY_DN9386_c1_g1_i18;1.28E+00;5.2807;5.59E-06;5.37E-05
TRINITY_DN94_c1_g1_i6;-1.13E+00;5.0892;3.25E-05;2.52E-04
TRINITY_DN941_c1_g1_i8;-1.19E+00;4.2943;4.51E-06;4.36E-05
TRINITY_DN9440_c0_g1_i17;-1.87E+00;3.8976;3.68E-12;1.44E-10
TRINITY_DN9498_c0_g1_i11;-1.59E+00;2.6315;2.44E-04;1.51E-03
TRINITY_DN951_c0_g1_i9;8.73E-01;3.712;7.65E-06;6.88E-05
TRINITY_DN952_c0_g1_i1;-2.11E+00;4.9531;2.74E-26;3.91E-23
TRINITY_DN9534_c0_g1_i7;-4.17E-01;4.1989;4.03E-04;2.42E-03
TRINITY_DN958_c0_g1_i1;2.54E+00;6.605;1.90E-05;1.58E-04
TRINITY_DN9589_c0_g2_i2;1.77E+00;4.2584;1.12E-06;1.24E-05
TRINITY_DN9609_c0_g2_i1;-9.81E-01;5.3589;1.64E-04;1.08E-03
TRINITY_DN962_c0_g1_i11;-2.62E+00;5.8508;2.84E-06;2.93E-05
TRINITY_DN9633_c0_g1_i7;1.57E+00;4.3318;4.61E-13;2.25E-11
TRINITY_DN9662_c0_g1_i25;-1.59E+00;3.8714;4.69E-10;1.11E-08
TRINITY_DN9662_c0_g1_i27;-1.54E+00;2.7436;1.22E-04;8.17E-04
TRINITY_DN9681_c0_g1_i2;1.14E+00;5.705;4.20E-03;1.81E-02
TRINITY_DN969_c0_g1_i1;2.19E+00;4.3996;3.57E-18;6.40E-16
TRINITY_DN969_c0_g1_i2;2.29E+00;2.3701;6.11E-05;4.42E-04
TRINITY_DN9714_c0_g1_i67;6.15E-01;3.8452;2.35E-03;1.10E-02
TRINITY_DN9731_c0_g1_i11;-1.79E+00;4.4367;2.27E-16;2.61E-14
TRINITY_DN9731_c0_g1_i15;-3.04E+00;4.9748;5.34E-10;1.26E-08
TRINITY_DN9731_c0_g1_i16;-1.98E+00;5.5678;3.63E-07;4.63E-06
TRINITY_DN9731_c0_g1_i17;-1.54E+00;3.497;1.20E-07;1.66E-06
TRINITY_DN978_c0_g1_i5;-2.26E+00;2.7601;3.83E-06;3.70E-05
TRINITY_DN978_c0_g1_i8;-1.20E+00;4.453;3.68E-12;1.44E-10
TRINITY_DN9780_c0_g3_i1;1.02E+00;5.4504;3.18E-04;1.93E-03
TRINITY_DN979_c0_g1_i13;-1.22E+00;3.2095;3.06E-05;2.37E-04
TRINITY_DN979_c0_g1_i19;-8.58E-01;3.6407;1.53E-05;1.28E-04
TRINITY_DN979_c0_g1_i4;-2.95E-01;4.0045;7.39E-03;3.07E-02
TRINITY_DN979_c0_g2_i1;-5.01E-01;4.0723;7.30E-04;4.04E-03
TRINITY_DN9825_c0_g1_i1;-4.94E-01;4.1425;4.03E-04;2.42E-03
TRINITY_DN9839_c0_g1_i10;-1.39E+00;4.5033;5.78E-14;3.50E-12
TRINITY_DN986_c0_g1_i15;3.50E-01;4.8207;2.32E-03;1.09E-02
TRINITY_DN9865_c0_g1_i4;2.51E+00;3.2456;7.50E-09;1.36E-07
TRINITY_DN987_c0_g1_i1;4.26E-01;4.4291;1.21E-04;8.17E-04
TRINITY_DN987_c0_g3_i5;7.35E-01;3.612;3.06E-05;2.37E-04
TRINITY_DN9888_c0_g1_i3;1.57E+00;3.6046;5.99E-08;8.84E-07
TRINITY_DN994_c0_g2_i2;1.23E+00;2.9886;2.44E-04;1.51E-03
TRINITY_DN994_c0_g7_i1;2.73E+00;2.65;7.65E-06;6.88E-05
TRINITY_DN9940_c0_g1_i11;-3.17E+00;4.0871;4.47E-19;1.01E-16
TRINITY_DN9940_c0_g1_i7;-2.80E+00;5.1821;7.63E-11;2.21E-09
TRINITY_DN9996_c0_g1_i1;-1.28E+00;3.258;7.65E-06;6.88E-05
TRINITY_DN9999_c0_g1_i2;1.47E+00;3.282;3.83E-06;3.70E-05
